file,layout,mirror,cond,run_order,true_x,true_y,pred_x,pred_y,err,dx,dy,box_in,fail,status,raw,ts
d3_L00_gray_N.png,0,0,gray,0,562,521,562.3,520.2,0.9,0.3,-0.8,1,0,ok,"```json {""x"": 639, ""y"": 867} ```",2026-10-05T02:37:09
d3_L00_h335_N.png,0,0,335,1,562,521,562.3,520.2,0.9,0.3,-0.8,1,0,ok,"```json {""x"": 639, ""y"": 867} ```",2026-10-05T02:37:15
d3_L00_h290_N.png,0,0,290,2,562,521,562.3,519.6,1.4,0.3,-1.4,1,0,ok,"```json {""x"": 639, ""y"": 866} ```",2026-10-05T02:37:20
d3_L00_h155_N.png,0,0,155,3,562,521,561.4,520.8,0.6,-0.6,-0.2,1,0,ok,"{""x"": 638, ""y"": 868}",2026-10-05T02:37:26
d3_L00_h65_N.png,0,0,65,4,562,521,561.4,520.2,1.0,-0.6,-0.8,1,0,ok,"```json {""x"": 638, ""y"": 867} ```",2026-10-05T02:37:31
d3_L00_h200_N.png,0,0,200,5,562,521,560.6,519.6,2.0,-1.4,-1.4,1,0,ok,"```json {""x"": 637, ""y"": 866} ```",2026-10-05T02:37:37
d3_L00_h110_N.png,0,0,110,6,562,521,562.3,519.6,1.4,0.3,-1.4,1,0,ok,"{""x"": 639, ""y"": 866}",2026-10-05T02:37:43
d3_L00_h20_N.png,0,0,20,7,562,521,561.4,520.8,0.6,-0.6,-0.2,1,0,ok,"```json {""x"": 638, ""y"": 868} ```",2026-10-05T02:37:48
d3_L00_h245_N.png,0,0,245,8,562,521,562.3,520.2,0.9,0.3,-0.8,1,0,ok,"```json {""x"": 639, ""y"": 867} ```",2026-10-05T02:37:54
d3_L00_h200_M.png,0,1,200,9,318,521,317.7,519.6,1.4,-0.3,-1.4,1,0,ok,"```json {""x"": 361, ""y"": 866} ```",2026-10-05T02:37:59
d3_L00_h20_M.png,0,1,20,10,318,521,317.7,520.2,0.9,-0.3,-0.8,1,0,ok,"```json {""x"": 361, ""y"": 867} ```",2026-10-05T02:38:05
d3_L00_h155_M.png,0,1,155,11,318,521,317.7,519.6,1.4,-0.3,-1.4,1,0,ok,"```json {""x"": 361, ""y"": 866} ```",2026-10-05T02:38:11
d3_L00_h290_M.png,0,1,290,12,318,521,317.7,519.6,1.4,-0.3,-1.4,1,0,ok,"```json {""x"": 361, ""y"": 866} ```",2026-10-05T02:38:16
d3_L00_gray_M.png,0,1,gray,13,318,521,317.7,520.2,0.9,-0.3,-0.8,1,0,ok,"{""x"": 361, ""y"": 867}",2026-10-05T02:38:21
d3_L00_h110_M.png,0,1,110,14,318,521,317.7,519.6,1.4,-0.3,-1.4,1,0,ok,"{""x"": 361, ""y"": 866}",2026-10-05T02:38:27
d3_L00_h335_M.png,0,1,335,15,318,521,318.6,519.6,1.5,0.6,-1.4,1,0,ok,"```json {""x"": 362, ""y"": 866} ```",2026-10-05T02:38:33
d3_L00_h245_M.png,0,1,245,16,318,521,317.7,519.6,1.4,-0.3,-1.4,1,0,ok,"```json {""x"": 361, ""y"": 866} ```",2026-10-05T02:38:38
d3_L00_h65_M.png,0,1,65,17,318,521,317.7,520.2,0.9,-0.3,-0.8,1,0,ok,"```json {""x"": 361, ""y"": 867} ```",2026-10-05T02:38:44
d3_L01_h155_N.png,1,0,155,18,744,331,744.5,330.6,0.6,0.5,-0.4,1,0,ok,"```json {""x"": 846, ""y"": 551} ```",2026-10-05T02:38:50
d3_L01_h290_N.png,1,0,290,19,744,331,743.6,330.6,0.6,-0.4,-0.4,1,0,ok,"```json {""x"": 845, ""y"": 551} ```",2026-10-05T02:38:57
d3_L01_h65_N.png,1,0,65,20,744,331,744.5,330.6,0.6,0.5,-0.4,1,0,ok,"```json {""x"": 846, ""y"": 551} ```",2026-10-05T02:39:02
d3_L01_h110_N.png,1,0,110,21,744,331,743.6,330.6,0.6,-0.4,-0.4,1,0,ok,"```json {""x"": 845, ""y"": 551} ```",2026-10-05T02:39:08
d3_L01_h200_N.png,1,0,200,22,744,331,744.5,330.6,0.6,0.5,-0.4,1,0,ok,"```json {""x"": 846, ""y"": 551} ```",2026-10-05T02:39:13
d3_L01_h245_N.png,1,0,245,23,744,331,744.5,330.6,0.6,0.5,-0.4,1,0,ok,"```json {""x"": 846, ""y"": 551} ```",2026-10-05T02:39:19
d3_L01_h335_N.png,1,0,335,24,744,331,744.5,331.2,0.5,0.5,0.2,1,0,ok,"```json {""x"": 846, ""y"": 552} ```",2026-10-05T02:39:25
d3_L01_h20_N.png,1,0,20,25,744,331,744.5,330.6,0.6,0.5,-0.4,1,0,ok,"```json {""x"": 846, ""y"": 551} ```",2026-10-05T02:39:31
d3_L01_gray_N.png,1,0,gray,26,744,331,744.5,330.6,0.6,0.5,-0.4,1,0,ok,"```json {""x"": 846, ""y"": 551} ```",2026-10-05T02:39:37
d3_L01_gray_M.png,1,1,gray,27,136,331,136.4,330.6,0.6,0.4,-0.4,1,0,ok,"```json {""x"": 155, ""y"": 551} ```",2026-10-05T02:39:43
d3_L01_h200_M.png,1,1,200,28,136,331,136.4,330.6,0.6,0.4,-0.4,1,0,ok,"```json {""x"": 155, ""y"": 551} ```",2026-10-05T02:39:48
d3_L01_h290_M.png,1,1,290,29,136,331,136.4,330.6,0.6,0.4,-0.4,1,0,ok,"```json {""x"": 155, ""y"": 551} ```",2026-10-05T02:39:54
d3_L01_h245_M.png,1,1,245,30,136,331,136.4,330.0,1.1,0.4,-1.0,1,0,ok,"```json {""x"": 155, ""y"": 550} ```",2026-10-05T02:39:59
d3_L01_h155_M.png,1,1,155,31,136,331,136.4,330.0,1.1,0.4,-1.0,1,0,ok,"```json {""x"": 155, ""y"": 550} ```",2026-10-05T02:40:05
d3_L01_h110_M.png,1,1,110,32,136,331,136.4,330.6,0.6,0.4,-0.4,1,0,ok,"```json {""x"": 155, ""y"": 551} ```",2026-10-05T02:40:11
d3_L01_h20_M.png,1,1,20,33,136,331,136.4,330.6,0.6,0.4,-0.4,1,0,ok,"```json {""x"": 155, ""y"": 551} ```",2026-10-05T02:40:17
d3_L01_h335_M.png,1,1,335,34,136,331,135.5,330.6,0.6,-0.5,-0.4,1,0,ok,"```json {""x"": 154, ""y"": 551} ```",2026-10-05T02:40:22
d3_L01_h65_M.png,1,1,65,35,136,331,136.4,330.6,0.6,0.4,-0.4,1,0,ok,"```json {""x"": 155, ""y"": 551} ```",2026-10-05T02:40:28
d3_L02_h155_N.png,2,0,155,36,607,414,607.2,414.0,0.2,0.2,-0.0,1,0,ok,"```json {""x"": 690, ""y"": 690} ```",2026-10-05T02:40:34
d3_L02_h200_N.png,2,0,200,37,607,414,607.2,414.0,0.2,0.2,-0.0,1,0,ok,"{""x"": 690, ""y"": 690}",2026-10-05T02:40:39
d3_L02_h20_N.png,2,0,20,38,607,414,607.2,414.0,0.2,0.2,-0.0,1,0,ok,"```json {""x"": 690, ""y"": 690} ```",2026-10-05T02:40:44
d3_L02_gray_N.png,2,0,gray,39,607,414,607.2,414.0,0.2,0.2,-0.0,1,0,ok,"```json {""x"": 690, ""y"": 690} ```",2026-10-05T02:40:50
d3_L02_h245_N.png,2,0,245,40,607,414,607.2,414.0,0.2,0.2,-0.0,1,0,ok,"```json {""x"": 690, ""y"": 690} ```",2026-10-05T02:40:58
d3_L02_h290_N.png,2,0,290,41,607,414,607.2,414.0,0.2,0.2,-0.0,1,0,ok,"```json {""x"": 690, ""y"": 690} ```",2026-10-05T02:41:03
d3_L02_h335_N.png,2,0,335,42,607,414,607.2,414.0,0.2,0.2,-0.0,1,0,ok,"```json {""x"": 690, ""y"": 690} ```",2026-10-05T02:41:09
d3_L02_h65_N.png,2,0,65,43,607,414,607.2,414.0,0.2,0.2,-0.0,1,0,ok,"```json {""x"": 690, ""y"": 690} ```",2026-10-05T02:41:14
d3_L02_h110_N.png,2,0,110,44,607,414,607.2,414.0,0.2,0.2,-0.0,1,0,ok,"```json {""x"": 690, ""y"": 690} ```",2026-10-05T02:41:20
d3_L02_h155_M.png,2,1,155,45,273,414,273.7,413.4,0.9,0.7,-0.6,1,0,ok,"```json {""x"": 311, ""y"": 689} ```",2026-10-05T02:41:27
d3_L02_h110_M.png,2,1,110,46,273,414,272.8,414.6,0.6,-0.2,0.6,1,0,ok,"```json {""x"": 310, ""y"": 691} ```",2026-10-05T02:41:32
d3_L02_h65_M.png,2,1,65,47,273,414,272.8,414.0,0.2,-0.2,-0.0,1,0,ok,"```json {""x"": 310, ""y"": 690} ```",2026-10-05T02:41:38
d3_L02_gray_M.png,2,1,gray,48,273,414,272.8,414.0,0.2,-0.2,-0.0,1,0,ok,"```json {""x"": 310, ""y"": 690} ```",2026-10-05T02:41:43
d3_L02_h245_M.png,2,1,245,49,273,414,272.8,414.0,0.2,-0.2,-0.0,1,0,ok,"```json {""x"": 310, ""y"": 690} ```",2026-10-05T02:41:49
d3_L02_h20_M.png,2,1,20,50,273,414,272.8,413.4,0.6,-0.2,-0.6,1,0,ok,"```json {""x"": 310, ""y"": 689} ```",2026-10-05T02:41:54
d3_L02_h335_M.png,2,1,335,51,273,414,272.8,413.4,0.6,-0.2,-0.6,1,0,ok,"```json {""x"": 310, ""y"": 689} ```",2026-10-05T02:42:00
d3_L02_h200_M.png,2,1,200,52,273,414,272.8,414.0,0.2,-0.2,-0.0,1,0,ok,"```json {""x"": 310, ""y"": 690} ```",2026-10-05T02:42:05
d3_L02_h290_M.png,2,1,290,53,273,414,272.8,414.0,0.2,-0.2,-0.0,1,0,ok,"```json {""x"": 310, ""y"": 690} ```",2026-10-05T02:42:11
d3_L03_h200_N.png,3,0,200,54,265,197,264.9,196.8,0.2,-0.1,-0.2,1,0,ok,"{""x"": 301, ""y"": 328}",2026-10-05T02:42:16
d3_L03_h110_N.png,3,0,110,55,265,197,265.8,195.6,1.6,0.8,-1.4,1,0,ok,"```json {""x"": 302, ""y"": 326} ```",2026-10-05T02:42:22
d3_L03_gray_N.png,3,0,gray,56,265,197,265.8,196.8,0.8,0.8,-0.2,1,0,ok,"```json {""x"": 302, ""y"": 328} ```",2026-10-05T02:42:28
d3_L03_h290_N.png,3,0,290,57,265,197,265.8,196.8,0.8,0.8,-0.2,1,0,ok,"```json {""x"": 302, ""y"": 328} ```",2026-10-05T02:42:33
d3_L03_h65_N.png,3,0,65,58,265,197,265.8,195.6,1.6,0.8,-1.4,1,0,ok,"```json {""x"": 302, ""y"": 326} ```",2026-10-05T02:42:39
d3_L03_h335_N.png,3,0,335,59,265,197,265.8,196.8,0.8,0.8,-0.2,1,0,ok,"```json {""x"": 302, ""y"": 328} ```",2026-10-05T02:42:44
d3_L03_h155_N.png,3,0,155,60,265,197,265.8,196.8,0.8,0.8,-0.2,1,0,ok,"```json {""x"": 302, ""y"": 328} ```",2026-10-05T02:42:50
d3_L03_h20_N.png,3,0,20,61,265,197,265.8,195.6,1.6,0.8,-1.4,1,0,ok,"```json {""x"": 302, ""y"": 326} ```",2026-10-05T02:42:55
d3_L03_h245_N.png,3,0,245,62,265,197,265.8,196.8,0.8,0.8,-0.2,1,0,ok,"{""x"": 302, ""y"": 328}",2026-10-05T02:43:00
d3_L03_h65_M.png,3,1,65,63,615,197,614.2,196.8,0.8,-0.8,-0.2,1,0,ok,"```json {""x"": 698, ""y"": 328} ```",2026-10-05T02:43:06
d3_L03_h335_M.png,3,1,335,64,615,197,614.2,196.8,0.8,-0.8,-0.2,1,0,ok,"```json {""x"": 698, ""y"": 328} ```",2026-10-05T02:43:11
d3_L03_h155_M.png,3,1,155,65,615,197,615.1,196.8,0.2,0.1,-0.2,1,0,ok,"```json {""x"": 699, ""y"": 328} ```",2026-10-05T02:43:17
d3_L03_h290_M.png,3,1,290,66,615,197,614.2,195.6,1.6,-0.8,-1.4,1,0,ok,"```json {""x"": 698, ""y"": 326} ```",2026-10-05T02:43:23
d3_L03_h20_M.png,3,1,20,67,615,197,614.2,196.8,0.8,-0.8,-0.2,1,0,ok,"```json {""x"": 698, ""y"": 328} ```",2026-10-05T02:43:28
d3_L03_h200_M.png,3,1,200,68,615,197,615.1,196.8,0.2,0.1,-0.2,1,0,ok,"```json {""x"": 699, ""y"": 328} ```",2026-10-05T02:43:36
d3_L03_h110_M.png,3,1,110,69,615,197,615.1,196.8,0.2,0.1,-0.2,1,0,ok,"```json {""x"": 699, ""y"": 328} ```",2026-10-05T02:43:42
d3_L03_h245_M.png,3,1,245,70,615,197,615.1,196.8,0.2,0.1,-0.2,1,0,ok,"```json {""x"": 699, ""y"": 328} ```",2026-10-05T02:43:47
d3_L03_gray_M.png,3,1,gray,71,615,197,615.1,196.8,0.2,0.1,-0.2,1,0,ok,"```json {""x"": 699, ""y"": 328} ```",2026-10-05T02:43:53
d3_L04_h65_N.png,4,0,65,72,564,417,564.1,417.0,0.1,0.1,-0.0,1,0,ok,"```json {""x"": 641, ""y"": 695} ```",2026-10-05T02:43:59
d3_L04_h245_N.png,4,0,245,73,564,417,564.1,417.0,0.1,0.1,-0.0,1,0,ok,"```json {""x"": 641, ""y"": 695} ```",2026-10-05T02:44:04
d3_L04_h290_N.png,4,0,290,74,564,417,564.1,417.0,0.1,0.1,-0.0,1,0,ok,"```json {""x"": 641, ""y"": 695} ```",2026-10-05T02:44:10
d3_L04_h20_N.png,4,0,20,75,564,417,564.1,417.0,0.1,0.1,-0.0,1,0,ok,"```json {""x"": 641, ""y"": 695} ```",2026-10-05T02:44:15
d3_L04_h155_N.png,4,0,155,76,564,417,564.1,417.0,0.1,0.1,-0.0,1,0,ok,"```json {""x"": 641, ""y"": 695} ```",2026-10-05T02:44:21
d3_L04_h110_N.png,4,0,110,77,564,417,564.1,417.0,0.1,0.1,-0.0,1,0,ok,"```json {""x"": 641, ""y"": 695} ```",2026-10-05T02:44:27
d3_L04_h335_N.png,4,0,335,78,564,417,564.1,417.0,0.1,0.1,-0.0,1,0,ok,"```json {""x"": 641, ""y"": 695} ```",2026-10-05T02:44:32
d3_L04_gray_N.png,4,0,gray,79,564,417,564.1,417.0,0.1,0.1,-0.0,1,0,ok,"```json {""x"": 641, ""y"": 695} ```",2026-10-05T02:44:38
d3_L04_h200_N.png,4,0,200,80,564,417,564.1,417.0,0.1,0.1,-0.0,1,0,ok,"```json {""x"": 641, ""y"": 695} ```",2026-10-05T02:44:44
d3_L04_h200_M.png,4,1,200,81,316,417,315.9,417.0,0.1,-0.1,-0.0,1,0,ok,"```json {""x"": 359, ""y"": 695} ```",2026-10-05T02:44:50
d3_L04_h65_M.png,4,1,65,82,316,417,315.9,417.0,0.1,-0.1,-0.0,1,0,ok,"```json {""x"": 359, ""y"": 695} ```",2026-10-05T02:44:55
d3_L04_h20_M.png,4,1,20,83,316,417,315.0,415.8,1.5,-1.0,-1.2,1,0,ok,"```json {""x"": 358, ""y"": 693} ```",2026-10-05T02:45:00
d3_L04_h110_M.png,4,1,110,84,316,417,315.9,418.2,1.2,-0.1,1.2,1,0,ok,"{""x"": 359, ""y"": 697}",2026-10-05T02:45:06
d3_L04_h155_M.png,4,1,155,85,316,417,315.9,417.0,0.1,-0.1,-0.0,1,0,ok,"```json {""x"": 359, ""y"": 695} ```",2026-10-05T02:45:12
d3_L04_gray_M.png,4,1,gray,86,316,417,315.9,417.0,0.1,-0.1,-0.0,1,0,ok,"```json {""x"": 359, ""y"": 695} ```",2026-10-05T02:45:17
d3_L04_h335_M.png,4,1,335,87,316,417,315.9,417.0,0.1,-0.1,-0.0,1,0,ok,"```json {""x"": 359, ""y"": 695} ```",2026-10-05T02:45:23
d3_L04_h290_M.png,4,1,290,88,316,417,315.9,417.0,0.1,-0.1,-0.0,1,0,ok,"```json {""x"": 359, ""y"": 695} ```",2026-10-05T02:45:29
d3_L04_h245_M.png,4,1,245,89,316,417,315.9,417.0,0.1,-0.1,-0.0,1,0,ok,"```json {""x"": 359, ""y"": 695} ```",2026-10-05T02:45:34
d3_L05_h335_N.png,5,0,335,90,243,305,243.8,305.4,0.9,0.8,0.4,1,0,ok,"```json {""x"": 277, ""y"": 509} ```",2026-10-05T02:45:40
d3_L05_h290_N.png,5,0,290,91,243,305,242.0,304.8,1.0,-1.0,-0.2,1,0,ok,"```json {""x"": 275, ""y"": 508} ```",2026-10-05T02:45:45
d3_L05_gray_N.png,5,0,gray,92,243,305,242.9,305.4,0.4,-0.1,0.4,1,0,ok,"```json {""x"": 276, ""y"": 509} ```",2026-10-05T02:45:50
d3_L05_h200_N.png,5,0,200,93,243,305,242.9,305.4,0.4,-0.1,0.4,1,0,ok,"```json {""x"": 276, ""y"": 509} ```",2026-10-05T02:45:56
d3_L05_h20_N.png,5,0,20,94,243,305,243.8,305.4,0.9,0.8,0.4,1,0,ok,"```json {""x"": 277, ""y"": 509} ```",2026-10-05T02:46:02
d3_L05_h110_N.png,5,0,110,95,243,305,243.8,306.0,1.3,0.8,1.0,1,0,ok,"```json {""x"": 277, ""y"": 510} ```",2026-10-05T02:46:07
d3_L05_h155_N.png,5,0,155,96,243,305,242.9,305.4,0.4,-0.1,0.4,1,0,ok,"```json {""x"": 276, ""y"": 509} ```",2026-10-05T02:46:12
d3_L05_h245_N.png,5,0,245,97,243,305,243.8,304.8,0.8,0.8,-0.2,1,0,ok,"```json {""x"": 277, ""y"": 508} ```",2026-10-05T02:46:18
d3_L05_h65_N.png,5,0,65,98,243,305,243.8,305.4,0.9,0.8,0.4,1,0,ok,"```json {""x"": 277, ""y"": 509} ```",2026-10-05T02:46:23
d3_L05_h290_M.png,5,1,290,99,637,305,637.1,305.4,0.4,0.1,0.4,1,0,ok,"```json {""x"": 724, ""y"": 509} ```",2026-10-05T02:46:29
d3_L05_h110_M.png,5,1,110,100,637,305,637.1,305.4,0.4,0.1,0.4,1,0,ok,"```json {""x"": 724, ""y"": 509} ```",2026-10-05T02:46:34
d3_L05_h20_M.png,5,1,20,101,637,305,637.1,304.8,0.2,0.1,-0.2,1,0,ok,"```json {""x"": 724, ""y"": 508} ```",2026-10-05T02:46:39
d3_L05_h335_M.png,5,1,335,102,637,305,637.1,305.4,0.4,0.1,0.4,1,0,ok,"```json {""x"": 724, ""y"": 509} ```",2026-10-05T02:46:45
d3_L05_gray_M.png,5,1,gray,103,637,305,637.1,305.4,0.4,0.1,0.4,1,0,ok,"```json {""x"": 724, ""y"": 509} ```",2026-10-05T02:46:51
d3_L05_h65_M.png,5,1,65,104,637,305,637.1,305.4,0.4,0.1,0.4,1,0,ok,"```json {""x"": 724, ""y"": 509} ```",2026-10-05T02:46:57
d3_L05_h200_M.png,5,1,200,105,637,305,637.1,305.4,0.4,0.1,0.4,1,0,ok,"```json {""x"": 724, ""y"": 509} ```",2026-10-05T02:47:02
d3_L05_h155_M.png,5,1,155,106,637,305,637.1,305.4,0.4,0.1,0.4,1,0,ok,"```json {""x"": 724, ""y"": 509} ```",2026-10-05T02:47:08
d3_L05_h245_M.png,5,1,245,107,637,305,636.2,305.4,0.9,-0.8,0.4,1,0,ok,"```json {""x"": 723, ""y"": 509} ```",2026-10-05T02:47:13
d3_L06_h110_N.png,6,0,110,108,592,316,592.2,315.6,0.5,0.2,-0.4,1,0,ok,"{""x"": 673, ""y"": 526}",2026-10-05T02:47:19
d3_L06_gray_N.png,6,0,gray,109,592,316,592.2,315.6,0.5,0.2,-0.4,1,0,ok,"```json {""x"": 673, ""y"": 526} ```",2026-10-05T02:47:25
d3_L06_h20_N.png,6,0,20,110,592,316,592.2,315.6,0.5,0.2,-0.4,1,0,ok,"```json {""x"": 673, ""y"": 526} ```",2026-10-05T02:47:31
d3_L06_h245_N.png,6,0,245,111,592,316,592.2,315.6,0.5,0.2,-0.4,1,0,ok,"```json {""x"": 673, ""y"": 526} ```",2026-10-05T02:47:36
d3_L06_h65_N.png,6,0,65,112,592,316,592.2,315.6,0.5,0.2,-0.4,1,0,ok,"```json {""x"": 673, ""y"": 526} ```",2026-10-05T02:47:42
d3_L06_h290_N.png,6,0,290,113,592,316,592.2,316.8,0.8,0.2,0.8,1,0,ok,"```json {""x"": 673, ""y"": 528} ```",2026-10-05T02:47:47
d3_L06_h200_N.png,6,0,200,114,592,316,592.2,315.6,0.5,0.2,-0.4,1,0,ok,"```json {""x"": 673, ""y"": 526} ```",2026-10-05T02:47:53
d3_L06_h155_N.png,6,0,155,115,592,316,592.2,315.6,0.5,0.2,-0.4,1,0,ok,"```json {""x"": 673, ""y"": 526} ```",2026-10-05T02:47:58
d3_L06_h335_N.png,6,0,335,116,592,316,592.2,315.6,0.5,0.2,-0.4,1,0,ok,"```json {""x"": 673, ""y"": 526} ```",2026-10-05T02:48:04
d3_L06_h335_M.png,6,1,335,117,288,316,288.6,315.6,0.8,0.6,-0.4,1,0,ok,"```json {""x"": 328, ""y"": 526} ```",2026-10-05T02:48:09
d3_L06_h110_M.png,6,1,110,118,288,316,288.6,315.6,0.8,0.6,-0.4,1,0,ok,"```json {""x"": 328, ""y"": 526} ```",2026-10-05T02:48:15
d3_L06_h155_M.png,6,1,155,119,288,316,288.6,316.2,0.7,0.6,0.2,1,0,ok,"```json {""x"": 328, ""y"": 527} ```",2026-10-05T02:48:20
d3_L06_h245_M.png,6,1,245,120,288,316,288.6,315.6,0.8,0.6,-0.4,1,0,ok,"```json {""x"": 328, ""y"": 526} ```",2026-10-05T02:48:26
d3_L06_h65_M.png,6,1,65,121,288,316,288.6,315.6,0.8,0.6,-0.4,1,0,ok,"{""x"": 328, ""y"": 526}",2026-10-05T02:48:32
d3_L06_gray_M.png,6,1,gray,122,288,316,288.6,315.6,0.8,0.6,-0.4,1,0,ok,"{""x"": 328, ""y"": 526}",2026-10-05T02:48:37
d3_L06_h200_M.png,6,1,200,123,288,316,288.6,315.6,0.8,0.6,-0.4,1,0,ok,"```json {""x"": 328, ""y"": 526} ```",2026-10-05T02:48:42
d3_L06_h290_M.png,6,1,290,124,288,316,288.6,315.6,0.8,0.6,-0.4,1,0,ok,"```json {""x"": 328, ""y"": 526} ```",2026-10-05T02:48:48
d3_L06_h20_M.png,6,1,20,125,288,316,288.6,315.6,0.8,0.6,-0.4,1,0,ok,"```json {""x"": 328, ""y"": 526} ```",2026-10-05T02:48:53
d3_L07_h290_N.png,7,0,290,126,583,188,582.6,188.4,0.6,-0.4,0.4,1,0,ok,"```json {""x"": 662, ""y"": 314} ```",2026-10-05T02:48:59
d3_L07_h200_N.png,7,0,200,127,583,188,582.6,188.4,0.6,-0.4,0.4,1,0,ok,"```json {""x"": 662, ""y"": 314} ```",2026-10-05T02:49:04
d3_L07_h155_N.png,7,0,155,128,583,188,582.6,188.4,0.6,-0.4,0.4,1,0,ok,"```json {""x"": 662, ""y"": 314} ```",2026-10-05T02:49:10
d3_L07_h335_N.png,7,0,335,129,583,188,582.6,188.4,0.6,-0.4,0.4,1,0,ok,"```json {""x"": 662, ""y"": 314} ```",2026-10-05T02:49:16
d3_L07_h245_N.png,7,0,245,130,583,188,582.6,187.2,0.9,-0.4,-0.8,1,0,ok,"```json {""x"": 662, ""y"": 312} ```",2026-10-05T02:49:21
d3_L07_h110_N.png,7,0,110,131,583,188,582.6,188.4,0.6,-0.4,0.4,1,0,ok,"```json {""x"": 662, ""y"": 314} ```",2026-10-05T02:49:27
d3_L07_h65_N.png,7,0,65,132,583,188,582.6,188.4,0.6,-0.4,0.4,1,0,ok,"```json {""x"": 662, ""y"": 314} ```",2026-10-05T02:49:32
d3_L07_gray_N.png,7,0,gray,133,583,188,582.6,188.4,0.6,-0.4,0.4,1,0,ok,"```json {""x"": 662, ""y"": 314} ```",2026-10-05T02:49:37
d3_L07_h20_N.png,7,0,20,134,583,188,582.6,188.4,0.6,-0.4,0.4,1,0,ok,"```json {""x"": 662, ""y"": 314} ```",2026-10-05T02:49:43
d3_L07_h290_M.png,7,1,290,135,297,188,297.4,188.4,0.6,0.4,0.4,1,0,ok,"```json {""x"": 338, ""y"": 314} ```",2026-10-05T02:49:48
d3_L07_h65_M.png,7,1,65,136,297,188,297.4,188.4,0.6,0.4,0.4,1,0,ok,"```json {""x"": 338, ""y"": 314} ```",2026-10-05T02:49:54
d3_L07_gray_M.png,7,1,gray,137,297,188,296.6,188.4,0.6,-0.4,0.4,1,0,ok,"```json {""x"": 337, ""y"": 314} ```",2026-10-05T02:49:59
d3_L07_h20_M.png,7,1,20,138,297,188,296.6,187.2,0.9,-0.4,-0.8,1,0,ok,"```json {""x"": 337, ""y"": 312} ```",2026-10-05T02:50:04
d3_L07_h245_M.png,7,1,245,139,297,188,297.4,187.2,0.9,0.4,-0.8,1,0,ok,"```json {""x"": 338, ""y"": 312} ```",2026-10-05T02:50:09
d3_L07_h335_M.png,7,1,335,140,297,188,297.4,186.6,1.5,0.4,-1.4,1,0,ok,"```json {""x"": 338, ""y"": 311} ```",2026-10-05T02:50:15
d3_L07_h200_M.png,7,1,200,141,297,188,297.4,188.4,0.6,0.4,0.4,1,0,ok,"```json {""x"": 338, ""y"": 314} ```",2026-10-05T02:50:21
d3_L07_h110_M.png,7,1,110,142,297,188,297.4,188.4,0.6,0.4,0.4,1,0,ok,"```json {""x"": 338, ""y"": 314} ```",2026-10-05T02:50:26
d3_L07_h155_M.png,7,1,155,143,297,188,297.4,188.4,0.6,0.4,0.4,1,0,ok,"```json {""x"": 338, ""y"": 314} ```",2026-10-05T02:50:31
d3_L08_h200_N.png,8,0,200,144,644,471,644.2,471.6,0.6,0.2,0.6,1,0,ok,"```json {""x"": 732, ""y"": 786} ```",2026-10-05T02:50:37
d3_L08_h290_N.png,8,0,290,145,644,471,644.2,471.0,0.2,0.2,0.0,1,0,ok,"```json {""x"": 732, ""y"": 785} ```",2026-10-05T02:50:42
d3_L08_h20_N.png,8,0,20,146,644,471,644.2,471.6,0.6,0.2,0.6,1,0,ok,"```json {""x"": 732, ""y"": 786} ```",2026-10-05T02:50:48
d3_L08_h110_N.png,8,0,110,147,644,471,644.2,471.0,0.2,0.2,0.0,1,0,ok,"```json {""x"": 732, ""y"": 785} ```",2026-10-05T02:50:53
d3_L08_h245_N.png,8,0,245,148,644,471,644.2,471.6,0.6,0.2,0.6,1,0,ok,"```json {""x"": 732, ""y"": 786} ```",2026-10-05T02:50:58
d3_L08_h155_N.png,8,0,155,149,644,471,644.2,471.0,0.2,0.2,0.0,1,0,ok,"```json {""x"": 732, ""y"": 785} ```",2026-10-05T02:51:04
d3_L08_h335_N.png,8,0,335,150,644,471,644.2,471.6,0.6,0.2,0.6,1,0,ok,"```json {""x"": 732, ""y"": 786} ```",2026-10-05T02:51:09
d3_L08_gray_N.png,8,0,gray,151,644,471,644.2,471.6,0.6,0.2,0.6,1,0,ok,"```json {""x"": 732, ""y"": 786} ```",2026-10-05T02:51:15
d3_L08_h65_N.png,8,0,65,152,644,471,644.2,471.6,0.6,0.2,0.6,1,0,ok,"```json {""x"": 732, ""y"": 786} ```",2026-10-05T02:51:20
d3_L08_h20_M.png,8,1,20,153,236,471,235.8,471.0,0.2,-0.2,0.0,1,0,ok,"```json {""x"": 268, ""y"": 785} ```",2026-10-05T02:51:25
d3_L08_gray_M.png,8,1,gray,154,236,471,235.8,471.6,0.6,-0.2,0.6,1,0,ok,"```json {""x"": 268, ""y"": 786} ```",2026-10-05T02:51:31
d3_L08_h65_M.png,8,1,65,155,236,471,235.8,471.6,0.6,-0.2,0.6,1,0,ok,"{""x"": 268, ""y"": 786}",2026-10-05T02:51:37
d3_L08_h200_M.png,8,1,200,156,236,471,235.8,471.0,0.2,-0.2,0.0,1,0,ok,"```json {""x"": 268, ""y"": 785} ```",2026-10-05T02:51:43
d3_L08_h155_M.png,8,1,155,157,236,471,235.8,471.0,0.2,-0.2,0.0,1,0,ok,"```json {""x"": 268, ""y"": 785} ```",2026-10-05T02:51:48
d3_L08_h290_M.png,8,1,290,158,236,471,236.7,471.0,0.7,0.7,0.0,1,0,ok,"```json {""x"": 269, ""y"": 785} ```",2026-10-05T02:51:54
d3_L08_h245_M.png,8,1,245,159,236,471,236.7,471.0,0.7,0.7,0.0,1,0,ok,"```json {""x"": 269, ""y"": 785} ```",2026-10-05T02:51:59
d3_L08_h110_M.png,8,1,110,160,236,471,236.7,471.6,0.9,0.7,0.6,1,0,ok,"```json {""x"": 269, ""y"": 786} ```",2026-10-05T02:52:05
d3_L08_h335_M.png,8,1,335,161,236,471,235.8,471.6,0.6,-0.2,0.6,1,0,ok,"```json {""x"": 268, ""y"": 786} ```",2026-10-05T02:52:10
d3_L09_h155_N.png,9,0,155,162,520,257,520.1,257.4,0.4,0.1,0.4,1,0,ok,"```json {""x"": 591, ""y"": 429} ```",2026-10-05T02:52:15
d3_L09_h335_N.png,9,0,335,163,520,257,520.1,256.2,0.8,0.1,-0.8,1,0,ok,"```json {""x"": 591, ""y"": 427} ```",2026-10-05T02:52:21
d3_L09_h290_N.png,9,0,290,164,520,257,520.1,256.2,0.8,0.1,-0.8,1,0,ok,"```json {""x"": 591, ""y"": 427} ```",2026-10-05T02:52:27
d3_L09_h20_N.png,9,0,20,165,520,257,520.1,257.4,0.4,0.1,0.4,1,0,ok,"```json {""x"": 591, ""y"": 429} ```",2026-10-05T02:52:32
d3_L09_gray_N.png,9,0,gray,166,520,257,520.1,257.4,0.4,0.1,0.4,1,0,ok,"```json {""x"": 591, ""y"": 429} ```",2026-10-05T02:52:37
d3_L09_h65_N.png,9,0,65,167,520,257,520.1,257.4,0.4,0.1,0.4,1,0,ok,"```json {""x"": 591, ""y"": 429} ```",2026-10-05T02:52:43
d3_L09_h200_N.png,9,0,200,168,520,257,520.1,257.4,0.4,0.1,0.4,1,0,ok,"```json {""x"": 591, ""y"": 429} ```",2026-10-05T02:52:48
d3_L09_h110_N.png,9,0,110,169,520,257,520.1,257.4,0.4,0.1,0.4,1,0,ok,"```json {""x"": 591, ""y"": 429} ```",2026-10-05T02:52:54
d3_L09_h245_N.png,9,0,245,170,520,257,520.1,257.4,0.4,0.1,0.4,1,0,ok,"```json {""x"": 591, ""y"": 429} ```",2026-10-05T02:53:00
d3_L09_h290_M.png,9,1,290,171,360,257,359.9,257.4,0.4,-0.1,0.4,1,0,ok,"```json {""x"": 409, ""y"": 429} ```",2026-10-05T02:53:05
d3_L09_gray_M.png,9,1,gray,172,360,257,359.9,257.4,0.4,-0.1,0.4,1,0,ok,"```json {""x"": 409, ""y"": 429} ```",2026-10-05T02:53:10
d3_L09_h155_M.png,9,1,155,173,360,257,359.9,257.4,0.4,-0.1,0.4,1,0,ok,"```json {""x"": 409, ""y"": 429} ```",2026-10-05T02:53:16
d3_L09_h20_M.png,9,1,20,174,360,257,359.9,257.4,0.4,-0.1,0.4,1,0,ok,"```json {""x"": 409, ""y"": 429} ```",2026-10-05T02:53:22
d3_L09_h110_M.png,9,1,110,175,360,257,360.8,256.2,1.1,0.8,-0.8,1,0,ok,"```json {""x"": 410, ""y"": 427} ```",2026-10-05T02:53:28
d3_L09_h335_M.png,9,1,335,176,360,257,360.8,256.2,1.1,0.8,-0.8,1,0,ok,"```json {""x"": 410, ""y"": 427} ```",2026-10-05T02:53:33
d3_L09_h245_M.png,9,1,245,177,360,257,359.9,257.4,0.4,-0.1,0.4,1,0,ok,"```json {""x"": 409, ""y"": 429} ```",2026-10-05T02:53:38
d3_L09_h200_M.png,9,1,200,178,360,257,359.9,256.2,0.8,-0.1,-0.8,1,0,ok,"```json {""x"": 409, ""y"": 427} ```",2026-10-05T02:53:44
d3_L09_h65_M.png,9,1,65,179,360,257,360.8,256.2,1.1,0.8,-0.8,1,0,ok,"```json {""x"": 410, ""y"": 427} ```",2026-10-05T02:53:49
d3_L10_h200_N.png,10,0,200,180,654,334,653.8,334.2,0.3,-0.2,0.2,1,0,ok,"```json {""x"": 743, ""y"": 557} ```",2026-10-05T02:53:55
d3_L10_h290_N.png,10,0,290,181,654,334,653.8,334.2,0.3,-0.2,0.2,1,0,ok,"{""x"": 743, ""y"": 557}",2026-10-05T02:54:02
d3_L10_h110_N.png,10,0,110,182,654,334,653.8,334.8,0.8,-0.2,0.8,1,0,ok,"```json {""x"": 743, ""y"": 558} ```",2026-10-05T02:54:07
d3_L10_h245_N.png,10,0,245,183,654,334,653.8,334.8,0.8,-0.2,0.8,1,0,ok,"```json {""x"": 743, ""y"": 558} ```",2026-10-05T02:54:13
d3_L10_h335_N.png,10,0,335,184,654,334,653.8,334.2,0.3,-0.2,0.2,1,0,ok,"```json {""x"": 743, ""y"": 557} ```",2026-10-05T02:54:18
d3_L10_h155_N.png,10,0,155,185,654,334,653.8,334.8,0.8,-0.2,0.8,1,0,ok,"```json {""x"": 743, ""y"": 558} ```",2026-10-05T02:54:23
d3_L10_gray_N.png,10,0,gray,186,654,334,653.8,334.2,0.3,-0.2,0.2,1,0,ok,"```json {""x"": 743, ""y"": 557} ```",2026-10-05T02:54:29
d3_L10_h20_N.png,10,0,20,187,654,334,653.8,334.8,0.8,-0.2,0.8,1,0,ok,"```json {""x"": 743, ""y"": 558} ```",2026-10-05T02:54:34
d3_L10_h65_N.png,10,0,65,188,654,334,653.8,334.2,0.3,-0.2,0.2,1,0,ok,"```json {""x"": 743, ""y"": 557} ```",2026-10-05T02:54:40
d3_L10_h65_M.png,10,1,65,189,226,334,226.2,333.6,0.4,0.2,-0.4,1,0,ok,"```json {""x"": 257, ""y"": 556} ```",2026-10-05T02:54:45
d3_L10_h155_M.png,10,1,155,190,226,334,226.2,334.2,0.3,0.2,0.2,1,0,ok,"```json {""x"": 257, ""y"": 557} ```",2026-10-05T02:54:51
d3_L10_gray_M.png,10,1,gray,191,226,334,226.2,334.2,0.3,0.2,0.2,1,0,ok,"```json {""x"": 257, ""y"": 557} ```",2026-10-05T02:54:56
d3_L10_h110_M.png,10,1,110,192,226,334,226.2,334.2,0.3,0.2,0.2,1,0,ok,"```json {""x"": 257, ""y"": 557} ```",2026-10-05T02:55:02
d3_L10_h290_M.png,10,1,290,193,226,334,226.2,333.6,0.4,0.2,-0.4,1,0,ok,"```json {""x"": 257, ""y"": 556} ```",2026-10-05T02:55:07
d3_L10_h20_M.png,10,1,20,194,226,334,226.2,333.6,0.4,0.2,-0.4,1,0,ok,"{""x"": 257, ""y"": 556}",2026-10-05T02:55:13
d3_L10_h200_M.png,10,1,200,195,226,334,226.2,333.6,0.4,0.2,-0.4,1,0,ok,"```json {""x"": 257, ""y"": 556} ```",2026-10-05T02:55:18
d3_L10_h245_M.png,10,1,245,196,226,334,226.2,334.2,0.3,0.2,0.2,1,0,ok,"```json {""x"": 257, ""y"": 557} ```",2026-10-05T02:55:24
d3_L10_h335_M.png,10,1,335,197,226,334,226.2,333.6,0.4,0.2,-0.4,1,0,ok,"```json {""x"": 257, ""y"": 556} ```",2026-10-05T02:55:29
d3_L11_h110_N.png,11,0,110,198,201,506,200.6,500.4,5.6,-0.4,-5.6,1,0,ok,"```json {""x"": 228, ""y"": 834} ```",2026-10-05T02:55:34
d3_L11_h155_N.png,11,0,155,199,201,506,200.6,505.8,0.4,-0.4,-0.2,1,0,ok,"```json {""x"": 228, ""y"": 843} ```",2026-10-05T02:55:40
d3_L11_h65_N.png,11,0,65,200,201,506,201.5,505.2,1.0,0.5,-0.8,1,0,ok,"```json {""x"": 229, ""y"": 842} ```",2026-10-05T02:55:45
d3_L11_h290_N.png,11,0,290,201,201,506,200.6,505.8,0.4,-0.4,-0.2,1,0,ok,"```json {""x"": 228, ""y"": 843} ```",2026-10-05T02:55:51
d3_L11_gray_N.png,11,0,gray,202,201,506,200.6,505.8,0.4,-0.4,-0.2,1,0,ok,"```json {""x"": 228, ""y"": 843} ```",2026-10-05T02:55:56
d3_L11_h245_N.png,11,0,245,203,201,506,200.6,505.8,0.4,-0.4,-0.2,1,0,ok,"```json {""x"": 228, ""y"": 843} ```",2026-10-05T02:56:01
d3_L11_h335_N.png,11,0,335,204,201,506,200.6,504.6,1.4,-0.4,-1.4,1,0,ok,"```json {""x"": 228, ""y"": 841} ```",2026-10-05T02:56:07
d3_L11_h200_N.png,11,0,200,205,201,506,200.6,506.4,0.5,-0.4,0.4,1,0,ok,"```json {""x"": 228, ""y"": 844} ```",2026-10-05T02:56:12
d3_L11_h20_N.png,11,0,20,206,201,506,200.6,505.8,0.4,-0.4,-0.2,1,0,ok,"```json {""x"": 228, ""y"": 843} ```",2026-10-05T02:56:18
d3_L11_h245_M.png,11,1,245,207,679,506,678.5,505.8,0.6,-0.5,-0.2,1,0,ok,"```json {""x"": 771, ""y"": 843} ```",2026-10-05T02:56:24
d3_L11_h110_M.png,11,1,110,208,679,506,679.4,505.8,0.4,0.4,-0.2,1,0,ok,"```json {""x"": 772, ""y"": 843} ```",2026-10-05T02:56:29
d3_L11_h335_M.png,11,1,335,209,679,506,678.5,505.8,0.6,-0.5,-0.2,1,0,ok,"{""x"": 771, ""y"": 843}",2026-10-05T02:56:35
d3_L11_h65_M.png,11,1,65,210,679,506,678.5,505.2,1.0,-0.5,-0.8,1,0,ok,"```json {""x"": 771, ""y"": 842} ```",2026-10-05T02:56:40
d3_L11_h155_M.png,11,1,155,211,679,506,678.5,505.8,0.6,-0.5,-0.2,1,0,ok,"```json {""x"": 771, ""y"": 843} ```",2026-10-05T02:56:46
d3_L11_h20_M.png,11,1,20,212,679,506,678.5,505.8,0.6,-0.5,-0.2,1,0,ok,"```json {""x"": 771, ""y"": 843} ```",2026-10-05T02:56:51
d3_L11_gray_M.png,11,1,gray,213,679,506,679.4,505.8,0.4,0.4,-0.2,1,0,ok,"```json {""x"": 772, ""y"": 843} ```",2026-10-05T02:56:56
d3_L11_h290_M.png,11,1,290,214,679,506,678.5,505.8,0.6,-0.5,-0.2,1,0,ok,"```json {""x"": 771, ""y"": 843} ```",2026-10-05T02:57:02
d3_L11_h200_M.png,11,1,200,215,679,506,678.5,505.8,0.6,-0.5,-0.2,1,0,ok,"```json {""x"": 771, ""y"": 843} ```",2026-10-05T02:57:07
d3_L12_h110_N.png,12,0,110,216,109,491,109.1,491.4,0.4,0.1,0.4,1,0,ok,"```json {""x"": 124, ""y"": 819} ```",2026-10-05T02:57:13
d3_L12_h335_N.png,12,0,335,217,109,491,109.1,491.4,0.4,0.1,0.4,1,0,ok,"{""x"": 124, ""y"": 819}",2026-10-05T02:57:18
d3_L12_h155_N.png,12,0,155,218,109,491,109.1,491.4,0.4,0.1,0.4,1,0,ok,"```json {""x"": 124, ""y"": 819} ```",2026-10-05T02:57:24
d3_L12_h200_N.png,12,0,200,219,109,491,109.1,491.4,0.4,0.1,0.4,1,0,ok,"```json {""x"": 124, ""y"": 819} ```",2026-10-05T02:57:29
d3_L12_h20_N.png,12,0,20,220,109,491,109.1,490.8,0.2,0.1,-0.2,1,0,ok,"{""x"": 124, ""y"": 818}",2026-10-05T02:57:35
d3_L12_h245_N.png,12,0,245,221,109,491,109.1,490.8,0.2,0.1,-0.2,1,0,ok,"```json {""x"": 124, ""y"": 818} ```",2026-10-05T02:57:40
d3_L12_h65_N.png,12,0,65,222,109,491,109.1,490.8,0.2,0.1,-0.2,1,0,ok,"{""x"": 124, ""y"": 818}",2026-10-05T02:57:45
d3_L12_h290_N.png,12,0,290,223,109,491,109.1,490.8,0.2,0.1,-0.2,1,0,ok,"```json {""x"": 124, ""y"": 818} ```",2026-10-05T02:57:51
d3_L12_gray_N.png,12,0,gray,224,109,491,109.1,490.8,0.2,0.1,-0.2,1,0,ok,"```json {""x"": 124, ""y"": 818} ```",2026-10-05T02:57:56
d3_L12_h65_M.png,12,1,65,225,771,491,770.0,490.8,1.0,-1.0,-0.2,1,0,ok,"```json {""x"": 875, ""y"": 818} ```",2026-10-05T02:58:01
d3_L12_h155_M.png,12,1,155,226,771,491,770.9,491.4,0.4,-0.1,0.4,1,0,ok,"```json {""x"": 876, ""y"": 819} ```",2026-10-05T02:58:07
d3_L12_h200_M.png,12,1,200,227,771,491,771.8,490.8,0.8,0.8,-0.2,1,0,ok,"```json {""x"": 877, ""y"": 818} ```",2026-10-05T02:58:12
d3_L12_h335_M.png,12,1,335,228,771,491,770.9,486.6,4.4,-0.1,-4.4,1,0,ok,"```json {""x"": 876, ""y"": 811} ```",2026-10-05T02:58:18
d3_L12_h245_M.png,12,1,245,229,771,491,768.2,485.4,6.2,-2.8,-5.6,1,0,ok,"```json {""x"": 873, ""y"": 809} ```",2026-10-05T02:58:24
d3_L12_h20_M.png,12,1,20,230,771,491,770.9,491.4,0.4,-0.1,0.4,1,0,ok,"```json {""x"": 876, ""y"": 819} ```",2026-10-05T02:58:29
d3_L12_h290_M.png,12,1,290,231,771,491,770.0,490.8,1.0,-1.0,-0.2,1,0,ok,"```json {""x"": 875, ""y"": 818} ```",2026-10-05T02:58:36
d3_L12_gray_M.png,12,1,gray,232,771,491,770.9,490.8,0.2,-0.1,-0.2,1,0,ok,"{""x"": 876, ""y"": 818}",2026-10-05T02:58:42
d3_L12_h110_M.png,12,1,110,233,771,491,770.0,486.0,5.1,-1.0,-5.0,1,0,ok,"```json {""x"": 875, ""y"": 810} ```",2026-10-05T02:58:52
d3_L13_h20_N.png,13,0,20,234,106,251,106.5,250.8,0.5,0.5,-0.2,1,0,ok,"```json {""x"": 121, ""y"": 418} ```",2026-10-05T02:58:57
d3_L13_h155_N.png,13,0,155,235,106,251,106.5,250.8,0.5,0.5,-0.2,1,0,ok,"```json {""x"": 121, ""y"": 418} ```",2026-10-05T02:59:02
d3_L13_h65_N.png,13,0,65,236,106,251,106.5,250.8,0.5,0.5,-0.2,1,0,ok,"```json {""x"": 121, ""y"": 418} ```",2026-10-05T02:59:07
d3_L13_h200_N.png,13,0,200,237,106,251,106.5,250.8,0.5,0.5,-0.2,1,0,ok,"```json {""x"": 121, ""y"": 418} ```",2026-10-05T02:59:13
d3_L13_h110_N.png,13,0,110,238,106,251,106.5,250.8,0.5,0.5,-0.2,1,0,ok,"```json {""x"": 121, ""y"": 418} ```",2026-10-05T02:59:18
d3_L13_h290_N.png,13,0,290,239,106,251,106.5,250.8,0.5,0.5,-0.2,1,0,ok,"```json {""x"": 121, ""y"": 418} ```",2026-10-05T02:59:24
d3_L13_h335_N.png,13,0,335,240,106,251,106.5,250.8,0.5,0.5,-0.2,1,0,ok,"```json {""x"": 121, ""y"": 418} ```",2026-10-05T02:59:29
d3_L13_gray_N.png,13,0,gray,241,106,251,106.5,250.8,0.5,0.5,-0.2,1,0,ok,"```json {""x"": 121, ""y"": 418} ```",2026-10-05T02:59:35
d3_L13_h245_N.png,13,0,245,242,106,251,106.5,250.8,0.5,0.5,-0.2,1,0,ok,"```json {""x"": 121, ""y"": 418} ```",2026-10-05T02:59:41
d3_L13_h110_M.png,13,1,110,243,774,251,774.4,252.0,1.1,0.4,1.0,1,0,ok,"```json {""x"": 880, ""y"": 420} ```",2026-10-05T02:59:46
d3_L13_gray_M.png,13,1,gray,244,774,251,765.6,252.0,8.5,-8.4,1.0,1,0,ok,"```json {""x"": 870, ""y"": 420} ```",2026-10-05T02:59:52
d3_L13_h335_M.png,13,1,335,245,774,251,774.4,252.0,1.1,0.4,1.0,1,0,ok,"```json {""x"": 880, ""y"": 420} ```",2026-10-05T02:59:58
d3_L13_h200_M.png,13,1,200,246,774,251,774.4,252.0,1.1,0.4,1.0,1,0,ok,"```json {""x"": 880, ""y"": 420} ```",2026-10-05T03:00:05
d3_L13_h245_M.png,13,1,245,247,774,251,774.4,360.0,109.0,0.4,109.0,0,0,ok,"{""x"": 880, ""y"": 600}",2026-10-05T03:00:11
d3_L13_h65_M.png,13,1,65,248,774,251,774.4,250.8,0.4,0.4,-0.2,1,0,ok,"{""x"": 880, ""y"": 418}",2026-10-05T03:00:16
d3_L13_h155_M.png,13,1,155,249,774,251,774.4,250.8,0.4,0.4,-0.2,1,0,ok,"```json {""x"": 880, ""y"": 418} ```",2026-10-05T03:00:22
d3_L13_h20_M.png,13,1,20,250,774,251,774.4,252.0,1.1,0.4,1.0,1,0,ok,"```json {""x"": 880, ""y"": 420} ```",2026-10-05T03:00:29
d3_L13_h290_M.png,13,1,290,251,774,251,774.4,360.0,109.0,0.4,109.0,0,0,ok,"```json {""x"": 880, ""y"": 600} ```",2026-10-05T03:00:45
d3_L14_gray_N.png,14,0,gray,252,456,154,456.7,154.2,0.7,0.7,0.2,1,0,ok,"{""x"": 519, ""y"": 257}",2026-10-05T03:00:52
d3_L14_h20_N.png,14,0,20,253,456,154,456.7,153.6,0.8,0.7,-0.4,1,0,ok,"```json {""x"": 519, ""y"": 256} ```",2026-10-05T03:01:10
d3_L14_h200_N.png,14,0,200,254,456,154,455.8,153.6,0.4,-0.2,-0.4,1,0,ok,"```json {""x"": 518, ""y"": 256} ```",2026-10-05T03:01:24
d3_L14_h245_N.png,14,0,245,255,456,154,456.7,154.2,0.7,0.7,0.2,1,0,ok,"```json {""x"": 519, ""y"": 257} ```",2026-10-05T03:01:33
d3_L14_h155_N.png,14,0,155,256,456,154,456.7,154.2,0.7,0.7,0.2,1,0,ok,"```json {""x"": 519, ""y"": 257} ```",2026-10-05T03:01:40
d3_L14_h65_N.png,14,0,65,257,456,154,456.7,154.2,0.7,0.7,0.2,1,0,ok,"```json {""x"": 519, ""y"": 257} ```",2026-10-05T03:01:56
d3_L14_h335_N.png,14,0,335,258,456,154,456.7,153.6,0.8,0.7,-0.4,1,0,ok,"```json {""x"": 519, ""y"": 256} ```",2026-10-05T03:02:05
d3_L14_h110_N.png,14,0,110,259,456,154,456.7,154.2,0.7,0.7,0.2,1,0,ok,"```json {""x"": 519, ""y"": 257} ```",2026-10-05T03:02:27
d3_L14_h290_N.png,14,0,290,260,456,154,455.8,154.2,0.3,-0.2,0.2,1,0,ok,"```json {""x"": 518, ""y"": 257} ```",2026-10-05T03:02:34
d3_L14_h245_M.png,14,1,245,261,424,154,424.2,154.2,0.3,0.2,0.2,1,0,ok,"{""x"": 482, ""y"": 257}",2026-10-05T03:02:41
d3_L14_h155_M.png,14,1,155,262,424,154,424.2,154.2,0.3,0.2,0.2,1,0,ok,"```json {""x"": 482, ""y"": 257} ```",2026-10-05T03:02:48
d3_L14_h110_M.png,14,1,110,263,424,154,424.2,152.4,1.6,0.2,-1.6,1,0,ok,"{""x"": 482, ""y"": 254}",2026-10-05T03:02:55
d3_L14_h65_M.png,14,1,65,264,424,154,424.2,153.6,0.4,0.2,-0.4,1,0,ok,"```json {""x"": 482, ""y"": 256} ```",2026-10-05T03:03:40
d3_L14_h20_M.png,14,1,20,265,424,154,424.2,154.2,0.3,0.2,0.2,1,0,ok,"{""x"": 482, ""y"": 257}",2026-10-05T03:03:46
d3_L14_h335_M.png,14,1,335,266,424,154,421.5,154.2,2.5,-2.5,0.2,1,0,ok,"```json {""x"": 479, ""y"": 257} ```",2026-10-05T03:03:52
d3_L14_gray_M.png,14,1,gray,267,424,154,424.2,154.2,0.3,0.2,0.2,1,0,ok,"```json {""x"": 482, ""y"": 257} ```",2026-10-05T03:03:57
d3_L14_h290_M.png,14,1,290,268,424,154,424.2,154.2,0.3,0.2,0.2,1,0,ok,"```json {""x"": 482, ""y"": 257} ```",2026-10-05T03:04:02
d3_L14_h200_M.png,14,1,200,269,424,154,424.2,154.2,0.3,0.2,0.2,1,0,ok,"```json {""x"": 482, ""y"": 257} ```",2026-10-05T03:04:08
d3_L15_h110_N.png,15,0,110,270,258,322,257.8,322.2,0.3,-0.2,0.2,1,0,ok,"```json {""x"": 293, ""y"": 537} ```",2026-10-05T03:04:14
d3_L15_h200_N.png,15,0,200,271,258,322,258.7,321.6,0.8,0.7,-0.4,1,0,ok,"```json {""x"": 294, ""y"": 536} ```",2026-10-05T03:04:19
d3_L15_gray_N.png,15,0,gray,272,258,322,258.7,322.2,0.7,0.7,0.2,1,0,ok,"{""x"": 294, ""y"": 537}",2026-10-05T03:04:25
d3_L15_h65_N.png,15,0,65,273,258,322,258.7,322.8,1.1,0.7,0.8,1,0,ok,"```json {""x"": 294, ""y"": 538} ```",2026-10-05T03:04:32
d3_L15_h290_N.png,15,0,290,274,258,322,257.8,321.6,0.4,-0.2,-0.4,1,0,ok,"```json {""x"": 293, ""y"": 536} ```",2026-10-05T03:04:38
d3_L15_h335_N.png,15,0,335,275,258,322,257.8,319.2,2.8,-0.2,-2.8,1,0,ok,"```json {""x"": 293, ""y"": 532} ```",2026-10-05T03:04:43
d3_L15_h20_N.png,15,0,20,276,258,322,257.8,322.2,0.3,-0.2,0.2,1,0,ok,"```json {""x"": 293, ""y"": 537} ```",2026-10-05T03:04:50
d3_L15_h245_N.png,15,0,245,277,258,322,257.8,321.0,1.0,-0.2,-1.0,1,0,ok,"{""x"": 293, ""y"": 535}",2026-10-05T03:04:57
d3_L15_h155_N.png,15,0,155,278,258,322,257.8,322.2,0.3,-0.2,0.2,1,0,ok,"```json {""x"": 293, ""y"": 537} ```",2026-10-05T03:05:03
d3_L15_h200_M.png,15,1,200,279,622,322,622.2,321.6,0.4,0.2,-0.4,1,0,ok,"```json {""x"": 707, ""y"": 536} ```",2026-10-05T03:05:08
d3_L15_h65_M.png,15,1,65,280,622,322,622.2,322.8,0.8,0.2,0.8,1,0,ok,"```json {""x"": 707, ""y"": 538} ```",2026-10-05T03:05:13
d3_L15_h110_M.png,15,1,110,281,622,322,622.2,322.8,0.8,0.2,0.8,1,0,ok,"```json {""x"": 707, ""y"": 538} ```",2026-10-05T03:05:19
d3_L15_gray_M.png,15,1,gray,282,622,322,622.2,322.8,0.8,0.2,0.8,1,0,ok,"```json {""x"": 707, ""y"": 538} ```",2026-10-05T03:05:25
d3_L15_h155_M.png,15,1,155,283,622,322,622.2,322.8,0.8,0.2,0.8,1,0,ok,"```json {""x"": 707, ""y"": 538} ```",2026-10-05T03:05:30
d3_L15_h290_M.png,15,1,290,284,622,322,622.2,322.8,0.8,0.2,0.8,1,0,ok,"```json {""x"": 707, ""y"": 538} ```",2026-10-05T03:05:35
d3_L15_h335_M.png,15,1,335,285,622,322,622.2,325.2,3.2,0.2,3.2,1,0,ok,"```json {""x"": 707, ""y"": 542} ```",2026-10-05T03:05:41
d3_L15_h20_M.png,15,1,20,286,622,322,622.2,322.8,0.8,0.2,0.8,1,0,ok,"```json {""x"": 707, ""y"": 538} ```",2026-10-05T03:05:47
d3_L15_h245_M.png,15,1,245,287,622,322,622.2,321.6,0.4,0.2,-0.4,1,0,ok,"```json {""x"": 707, ""y"": 536} ```",2026-10-05T03:05:52
d3_L16_h290_N.png,16,0,290,288,333,58,332.6,58.2,0.4,-0.4,0.2,1,0,ok,"```json {""x"": 378, ""y"": 97} ```",2026-10-05T03:05:58
d3_L16_h65_N.png,16,0,65,289,333,58,333.5,59.4,1.5,0.5,1.4,1,0,ok,"```json {""x"": 379, ""y"": 99} ```",2026-10-05T03:06:03
d3_L16_h245_N.png,16,0,245,290,333,58,332.6,57.6,0.5,-0.4,-0.4,1,0,ok,"```json {""x"": 378, ""y"": 96} ```",2026-10-05T03:06:09
d3_L16_h335_N.png,16,0,335,291,333,58,332.6,58.2,0.4,-0.4,0.2,1,0,ok,"```json {""x"": 378, ""y"": 97} ```",2026-10-05T03:06:14
d3_L16_gray_N.png,16,0,gray,292,333,58,332.6,58.8,0.9,-0.4,0.8,1,0,ok,"```json {""x"": 378, ""y"": 98} ```",2026-10-05T03:06:20
d3_L16_h20_N.png,16,0,20,293,333,58,332.6,58.8,0.9,-0.4,0.8,1,0,ok,"```json {""x"": 378, ""y"": 98} ```",2026-10-05T03:06:25
d3_L16_h110_N.png,16,0,110,294,333,58,332.6,59.4,1.4,-0.4,1.4,1,0,ok,"{""x"": 378, ""y"": 99}",2026-10-05T03:06:31
d3_L16_h155_N.png,16,0,155,295,333,58,333.5,58.8,1.0,0.5,0.8,1,0,ok,"```json {""x"": 379, ""y"": 98} ```",2026-10-05T03:06:36
d3_L16_h200_N.png,16,0,200,296,333,58,332.6,58.2,0.4,-0.4,0.2,1,0,ok,"```json {""x"": 378, ""y"": 97} ```",2026-10-05T03:06:42
d3_L16_gray_M.png,16,1,gray,297,547,58,547.4,59.4,1.4,0.4,1.4,1,0,ok,"```json {""x"": 622, ""y"": 99} ```",2026-10-05T03:06:47
d3_L16_h65_M.png,16,1,65,298,547,58,547.4,58.8,0.9,0.4,0.8,1,0,ok,"```json {""x"": 622, ""y"": 98} ```",2026-10-05T03:06:54
d3_L16_h245_M.png,16,1,245,299,547,58,547.4,58.2,0.4,0.4,0.2,1,0,ok,"```json {""x"": 622, ""y"": 97} ```",2026-10-05T03:06:59
d3_L16_h155_M.png,16,1,155,300,547,58,547.4,58.2,0.4,0.4,0.2,1,0,ok,"```json {""x"": 622, ""y"": 97} ```",2026-10-05T03:07:05
d3_L16_h200_M.png,16,1,200,301,547,58,547.4,58.2,0.4,0.4,0.2,1,0,ok,"```json {""x"": 622, ""y"": 97} ```",2026-10-05T03:07:10
d3_L16_h290_M.png,16,1,290,302,547,58,547.4,58.2,0.4,0.4,0.2,1,0,ok,"```json {""x"": 622, ""y"": 97} ```",2026-10-05T03:07:15
d3_L16_h335_M.png,16,1,335,303,547,58,547.4,58.2,0.4,0.4,0.2,1,0,ok,"```json {""x"": 622, ""y"": 97} ```",2026-10-05T03:07:20
d3_L16_h20_M.png,16,1,20,304,547,58,547.4,58.2,0.4,0.4,0.2,1,0,ok,"```json {""x"": 622, ""y"": 97} ```",2026-10-05T03:07:26
d3_L16_h110_M.png,16,1,110,305,547,58,547.4,58.2,0.4,0.4,0.2,1,0,ok,"```json {""x"": 622, ""y"": 97} ```",2026-10-05T03:07:31
d3_L17_h110_N.png,17,0,110,306,532,454,532.4,453.6,0.6,0.4,-0.4,1,0,ok,"```json {""x"": 605, ""y"": 756} ```",2026-10-05T03:07:37
d3_L17_h200_N.png,17,0,200,307,532,454,532.4,453.0,1.1,0.4,-1.0,1,0,ok,"```json {""x"": 605, ""y"": 755} ```",2026-10-05T03:07:42
d3_L17_h65_N.png,17,0,65,308,532,454,532.4,454.2,0.4,0.4,0.2,1,0,ok,"```json {""x"": 605, ""y"": 757} ```",2026-10-05T03:07:48
d3_L17_h335_N.png,17,0,335,309,532,454,532.4,454.2,0.4,0.4,0.2,1,0,ok,"```json {""x"": 605, ""y"": 757} ```",2026-10-05T03:07:53
d3_L17_h155_N.png,17,0,155,310,532,454,532.4,453.6,0.6,0.4,-0.4,1,0,ok,"```json {""x"": 605, ""y"": 756} ```",2026-10-05T03:07:59
d3_L17_h20_N.png,17,0,20,311,532,454,532.4,453.0,1.1,0.4,-1.0,1,0,ok,"```json {""x"": 605, ""y"": 755} ```",2026-10-05T03:08:05
d3_L17_h245_N.png,17,0,245,312,532,454,532.4,453.6,0.6,0.4,-0.4,1,0,ok,"```json {""x"": 605, ""y"": 756} ```",2026-10-05T03:08:10
d3_L17_gray_N.png,17,0,gray,313,532,454,532.4,454.2,0.4,0.4,0.2,1,0,ok,"```json {""x"": 605, ""y"": 757} ```",2026-10-05T03:08:16
d3_L17_h290_N.png,17,0,290,314,532,454,532.4,453.6,0.6,0.4,-0.4,1,0,ok,"```json {""x"": 605, ""y"": 756} ```",2026-10-05T03:08:21
d3_L17_h155_M.png,17,1,155,315,348,454,347.6,452.4,1.6,-0.4,-1.6,1,0,ok,"```json {""x"": 395, ""y"": 754} ```",2026-10-05T03:08:26
d3_L17_h335_M.png,17,1,335,316,348,454,347.6,452.4,1.6,-0.4,-1.6,1,0,ok,"```json {""x"": 395, ""y"": 754} ```",2026-10-05T03:08:32
d3_L17_h65_M.png,17,1,65,317,348,454,347.6,453.6,0.6,-0.4,-0.4,1,0,ok,"```json {""x"": 395, ""y"": 756} ```",2026-10-05T03:08:38
d3_L17_gray_M.png,17,1,gray,318,348,454,347.6,454.2,0.4,-0.4,0.2,1,0,ok,"```json {""x"": 395, ""y"": 757} ```",2026-10-05T03:08:43
d3_L17_h110_M.png,17,1,110,319,348,454,347.6,452.4,1.6,-0.4,-1.6,1,0,ok,"```json {""x"": 395, ""y"": 754} ```",2026-10-05T03:08:49
d3_L17_h20_M.png,17,1,20,320,348,454,347.6,452.4,1.6,-0.4,-1.6,1,0,ok,"```json {""x"": 395, ""y"": 754} ```",2026-10-05T03:08:54
d3_L17_h245_M.png,17,1,245,321,348,454,347.6,453.6,0.6,-0.4,-0.4,1,0,ok,"```json {""x"": 395, ""y"": 756} ```",2026-10-05T03:09:00
d3_L17_h290_M.png,17,1,290,322,348,454,347.6,453.6,0.6,-0.4,-0.4,1,0,ok,"```json {""x"": 395, ""y"": 756} ```",2026-10-05T03:09:06
d3_L17_h200_M.png,17,1,200,323,348,454,347.6,453.6,0.6,-0.4,-0.4,1,0,ok,"```json {""x"": 395, ""y"": 756} ```",2026-10-05T03:09:12
d3_L18_gray_N.png,18,0,gray,324,470,405,469.9,405.6,0.6,-0.1,0.6,1,0,ok,"```json {""x"": 534, ""y"": 676} ```",2026-10-05T03:09:18
d3_L18_h20_N.png,18,0,20,325,470,405,469.9,405.0,0.1,-0.1,0.0,1,0,ok,"{""x"": 534, ""y"": 675}",2026-10-05T03:09:24
d3_L18_h110_N.png,18,0,110,326,470,405,469.9,404.4,0.6,-0.1,-0.6,1,0,ok,"{""x"": 534, ""y"": 674}",2026-10-05T03:09:29
d3_L18_h65_N.png,18,0,65,327,470,405,470.8,405.6,1.0,0.8,0.6,1,0,ok,"{""x"": 535, ""y"": 676}",2026-10-05T03:09:34
d3_L18_h245_N.png,18,0,245,328,470,405,469.9,405.0,0.1,-0.1,0.0,1,0,ok,"```json {""x"": 534, ""y"": 675} ```",2026-10-05T03:09:40
d3_L18_h155_N.png,18,0,155,329,470,405,469.9,405.0,0.1,-0.1,0.0,1,0,ok,"```json {""x"": 534, ""y"": 675} ```",2026-10-05T03:09:45
d3_L18_h200_N.png,18,0,200,330,470,405,469.9,405.0,0.1,-0.1,0.0,1,0,ok,"```json {""x"": 534, ""y"": 675} ```",2026-10-05T03:09:51
d3_L18_h290_N.png,18,0,290,331,470,405,469.9,404.4,0.6,-0.1,-0.6,1,0,ok,"{""x"": 534, ""y"": 674}",2026-10-05T03:09:57
d3_L18_h335_N.png,18,0,335,332,470,405,469.0,406.2,1.5,-1.0,1.2,1,0,ok,"```json {""x"": 533, ""y"": 677} ```",2026-10-05T03:10:02
d3_L18_h65_M.png,18,1,65,333,410,405,409.2,405.0,0.8,-0.8,0.0,1,0,ok,"```json {""x"": 465, ""y"": 675} ```",2026-10-05T03:10:08
d3_L18_h245_M.png,18,1,245,334,410,405,409.2,405.0,0.8,-0.8,0.0,1,0,ok,"```json {""x"": 465, ""y"": 675} ```",2026-10-05T03:10:13
d3_L18_h110_M.png,18,1,110,335,410,405,409.2,405.0,0.8,-0.8,0.0,1,0,ok,"```json {""x"": 465, ""y"": 675} ```",2026-10-05T03:10:18
d3_L18_h335_M.png,18,1,335,336,410,405,409.2,405.0,0.8,-0.8,0.0,1,0,ok,"```json {""x"": 465, ""y"": 675} ```",2026-10-05T03:10:24
d3_L18_h155_M.png,18,1,155,337,410,405,410.1,405.0,0.1,0.1,0.0,1,0,ok,"```json {""x"": 466, ""y"": 675} ```",2026-10-05T03:10:29
d3_L18_gray_M.png,18,1,gray,338,410,405,410.1,406.2,1.2,0.1,1.2,1,0,ok,"{""x"": 466, ""y"": 677}",2026-10-05T03:10:35
d3_L18_h290_M.png,18,1,290,339,410,405,410.1,405.0,0.1,0.1,0.0,1,0,ok,"```json {""x"": 466, ""y"": 675} ```",2026-10-05T03:10:41
d3_L18_h200_M.png,18,1,200,340,410,405,409.2,404.4,1.0,-0.8,-0.6,1,0,ok,"```json {""x"": 465, ""y"": 674} ```",2026-10-05T03:10:46
d3_L18_h20_M.png,18,1,20,341,410,405,409.2,405.0,0.8,-0.8,0.0,1,0,ok,"```json {""x"": 465, ""y"": 675} ```",2026-10-05T03:10:52
d3_L19_h290_N.png,19,0,290,342,707,494,707.5,493.8,0.6,0.5,-0.2,1,0,ok,"```json {""x"": 804, ""y"": 823} ```",2026-10-05T03:10:57
d3_L19_h65_N.png,19,0,65,343,707,494,707.5,493.8,0.6,0.5,-0.2,1,0,ok,"```json {""x"": 804, ""y"": 823} ```",2026-10-05T03:11:02
d3_L19_h335_N.png,19,0,335,344,707,494,707.5,493.8,0.6,0.5,-0.2,1,0,ok,"```json {""x"": 804, ""y"": 823} ```",2026-10-05T03:11:08
d3_L19_h155_N.png,19,0,155,345,707,494,707.5,493.8,0.6,0.5,-0.2,1,0,ok,"```json {""x"": 804, ""y"": 823} ```",2026-10-05T03:11:14
d3_L19_gray_N.png,19,0,gray,346,707,494,707.5,493.2,1.0,0.5,-0.8,1,0,ok,"```json {""x"": 804, ""y"": 822} ```",2026-10-05T03:11:19
d3_L19_h245_N.png,19,0,245,347,707,494,707.5,493.8,0.6,0.5,-0.2,1,0,ok,"```json {""x"": 804, ""y"": 823} ```",2026-10-05T03:11:24
d3_L19_h110_N.png,19,0,110,348,707,494,707.5,493.8,0.6,0.5,-0.2,1,0,ok,"{""x"": 804, ""y"": 823}",2026-10-05T03:11:30
d3_L19_h20_N.png,19,0,20,349,707,494,707.5,493.8,0.6,0.5,-0.2,1,0,ok,"```json {""x"": 804, ""y"": 823} ```",2026-10-05T03:11:35
d3_L19_h200_N.png,19,0,200,350,707,494,706.6,493.8,0.4,-0.4,-0.2,1,0,ok,"```json {""x"": 803, ""y"": 823} ```",2026-10-05T03:11:40
d3_L19_h65_M.png,19,1,65,351,173,494,172.5,493.2,1.0,-0.5,-0.8,1,0,ok,"{""x"": 196, ""y"": 822}",2026-10-05T03:11:46
d3_L19_h245_M.png,19,1,245,352,173,494,172.5,493.8,0.6,-0.5,-0.2,1,0,ok,"```json {""x"": 196, ""y"": 823} ```",2026-10-05T03:11:52
d3_L19_h200_M.png,19,1,200,353,173,494,172.5,493.8,0.6,-0.5,-0.2,1,0,ok,"{""x"": 196, ""y"": 823}",2026-10-05T03:11:57
d3_L19_h335_M.png,19,1,335,354,173,494,172.5,493.2,1.0,-0.5,-0.8,1,0,ok,"```json {""x"": 196, ""y"": 822} ```",2026-10-05T03:12:03
d3_L19_gray_M.png,19,1,gray,355,173,494,172.5,493.8,0.6,-0.5,-0.2,1,0,ok,"```json {""x"": 196, ""y"": 823} ```",2026-10-05T03:12:08
d3_L19_h110_M.png,19,1,110,356,173,494,171.6,493.2,1.6,-1.4,-0.8,1,0,ok,"```json {""x"": 195, ""y"": 822} ```",2026-10-05T03:12:14
d3_L19_h290_M.png,19,1,290,357,173,494,172.5,493.2,1.0,-0.5,-0.8,1,0,ok,"```json {""x"": 196, ""y"": 822} ```",2026-10-05T03:12:19
d3_L19_h155_M.png,19,1,155,358,173,494,172.5,493.8,0.6,-0.5,-0.2,1,0,ok,"{""x"": 196, ""y"": 823}",2026-10-05T03:12:25
d3_L19_h20_M.png,19,1,20,359,173,494,173.4,493.2,0.9,0.4,-0.8,1,0,ok,"```json {""x"": 197, ""y"": 822} ```",2026-10-05T03:12:30
