file,layout,mirror,target,picked,hit,pred_x,pred_y,raw
d3_L00_gray_N.png,0,0,홈,삭제,0,710.2,47.4,"```json {""x"": 807, ""y"": 79} ```"
d3_L00_gray_M.png,0,1,홈,홈,1,151.4,354.6,"```json {""x"": 172, ""y"": 591} ```"
d3_L01_gray_N.png,1,0,홈,검색,0,557.9,47.4,"```json {""x"": 634, ""y"": 79} ```"
d3_L01_gray_M.png,1,1,홈,홈,1,572.9,181.2,"```json {""x"": 651, ""y"": 302} ```"
d3_L02_gray_N.png,2,0,홈,홈,1,644.2,281.4,"```json {""x"": 732, ""y"": 469} ```"
d3_L02_gray_M.png,2,1,홈,홈,1,235.8,279.6,"```json {""x"": 268, ""y"": 466} ```"
d3_L03_gray_M.png,3,1,홈,홈,1,360.8,79.8,"```json {""x"": 410, ""y"": 133} ```"
d3_L04_gray_N.png,4,0,홈,취소,0,100.3,233.4,"```json {""x"": 114, ""y"": 389} ```"
d3_L04_gray_M.png,4,1,홈,홈,1,375.8,517.8,"```json {""x"": 427, ""y"": 863} ```"
d3_L05_gray_N.png,5,0,홈,삭제,0,532.4,317.4,"```json {""x"": 605, ""y"": 529} ```"
d3_L05_gray_M.png,5,1,홈,홈,1,182.2,144.0,"```json {""x"": 207, ""y"": 240} ```"
d3_L06_gray_N.png,6,0,홈,홈,1,445.3,539.4,"```json {""x"": 506, ""y"": 899} ```"
d3_L03_gray_N.png,3,0,홈,홈,1,458.5,79.8,"```json {""x"": 521, ""y"": 133} ```"
d3_L06_gray_M.png,6,1,홈,홈,1,438.2,544.2,"```json {""x"": 498, ""y"": 907} ```"
d3_L07_gray_N.png,7,0,홈,홈,1,230.6,228.6,"```json {""x"": 262, ""y"": 381} ```"
d3_L07_gray_M.png,7,1,홈,저장,0,625.7,51.6,"```json {""x"": 711, ""y"": 86} ```"
d3_L08_gray_N.png,8,0,홈,취소,0,597.5,113.4,"```json {""x"": 679, ""y"": 189} ```"
d3_L08_gray_M.png,8,1,홈,홈,1,544.7,51.6,"```json {""x"": 619, ""y"": 86} ```"
d3_L09_gray_N.png,9,0,홈,도움말,0,161.9,64.8,"```json {""x"": 184, ""y"": 108} ```"
d3_L09_gray_M.png,9,1,홈,홈,1,172.5,475.2,"```json {""x"": 196, ""y"": 792} ```"
d3_L10_gray_N.png,10,0,홈,홈,1,470.8,322.8,"```json {""x"": 535, ""y"": 538} ```"
d3_L10_gray_M.png,10,1,홈,홈,1,411.8,334.8,"```json {""x"": 468, ""y"": 558} ```"
d3_L11_gray_N.png,11,0,홈,홈,1,399.5,116.4,"{""x"": 454, ""y"": 194}"
d3_L11_gray_M.png,11,1,홈,홈,1,477.0,121.2,"```json {""x"": 542, ""y"": 202} ```"
d3_L12_gray_N.png,12,0,홈,홈,1,92.4,145.2,"```json {""x"": 105, ""y"": 242} ```"
d3_L12_gray_M.png,12,1,홈,홈,1,786.7,144.0,"```json {""x"": 894, ""y"": 240} ```"
d3_L13_gray_N.png,13,0,홈,홈,1,275.4,88.2,"```json {""x"": 313, ""y"": 147} ```"
d3_L13_gray_M.png,13,1,홈,저장,0,270.2,151.2,"```json {""x"": 307, ""y"": 252} ```"
d3_L14_gray_N.png,14,0,홈,홈,1,99.4,154.2,"```json {""x"": 113, ""y"": 257} ```"
d3_L14_gray_M.png,14,1,홈,홈,1,778.8,150.6,"```json {""x"": 885, ""y"": 251} ```"
d3_L15_gray_N.png,15,0,홈,로그인,0,251.7,318.6,"```json {""x"": 286, ""y"": 531} ```"
d3_L15_gray_M.png,15,1,홈,홈,1,744.5,211.8,"```json {""x"": 846, ""y"": 353} ```"
d3_L16_gray_N.png,16,0,홈,홈,1,540.3,178.8,"```json {""x"": 614, ""y"": 298} ```"
d3_L16_gray_M.png,16,1,홈,삭제,0,327.4,529.8,"```json {""x"": 372, ""y"": 883} ```"
d3_L17_gray_N.png,17,0,홈,홈,1,411.8,47.4,"```json {""x"": 468, ""y"": 79} ```"
d3_L17_gray_M.png,17,1,홈,홈,1,470.8,47.4,"```json {""x"": 535, ""y"": 79} ```"
d3_L18_gray_N.png,18,0,홈,홈,1,675.8,145.2,"```json {""x"": 768, ""y"": 242} ```"
d3_L18_gray_M.png,18,1,홈,홈,1,206.8,144.0,"```json {""x"": 235, ""y"": 240} ```"
d3_L19_gray_N.png,19,0,홈,저장,0,710.2,101.4,"```json {""x"": 807, ""y"": 169} ```"
d3_L19_gray_M.png,19,1,홈,홈,1,145.2,256.2,"```json {""x"": 165, ""y"": 427} ```"
d3_L00_gray_N.png,0,0,설정,도움말,0,587.0,163.2,"```json {""x"": 667, ""y"": 272} ```"
d3_L00_gray_M.png,0,1,설정,설정,1,572.9,163.2,"```json {""x"": 651, ""y"": 272} ```"
d3_L01_gray_N.png,1,0,설정,검색,0,557.9,47.4,"```json {""x"": 634, ""y"": 79} ```"
d3_L01_gray_M.png,1,1,설정,설정,1,430.3,501.6,"```json {""x"": 489, ""y"": 836} ```"
d3_L02_gray_N.png,2,0,설정,저장,0,291.3,154.2,"```json {""x"": 331, ""y"": 257} ```"
d3_L02_gray_M.png,2,1,설정,검색,0,272.8,122.4,"```json {""x"": 310, ""y"": 204} ```"
d3_L03_gray_N.png,3,0,설정,설정,1,474.3,358.2,"```json {""x"": 539, ""y"": 597} ```"
d3_L03_gray_M.png,3,1,설정,설정,1,404.8,363.0,"{""x"": 460, ""y"": 605}"
d3_L04_gray_N.png,4,0,설정,설정,1,277.2,411.6,"```json {""x"": 315, ""y"": 686} ```"
d3_L04_gray_M.png,4,1,설정,설정,1,603.7,415.8,"```json {""x"": 686, ""y"": 693} ```"
d3_L05_gray_N.png,5,0,설정,삭제,0,533.3,317.4,"```json {""x"": 606, ""y"": 529} ```"
d3_L05_gray_M.png,5,1,설정,도움말,0,533.3,163.8,"```json {""x"": 606, ""y"": 273} ```"
d3_L06_gray_N.png,6,0,설정,설정,1,369.6,281.4,"```json {""x"": 420, ""y"": 469} ```"
d3_L06_gray_M.png,6,1,설정,설정,1,515.7,274.8,"```json {""x"": 586, ""y"": 458} ```"
d3_L07_gray_N.png,7,0,설정,설정,1,553.5,406.2,"```json {""x"": 629, ""y"": 677} ```"
d3_L07_gray_M.png,7,1,설정,저장,0,625.7,51.6,"```json {""x"": 711, ""y"": 86} ```"
d3_L08_gray_N.png,8,0,설정,설정,1,191.8,307.2,"```json {""x"": 218, ""y"": 512} ```"
d3_L08_gray_M.png,8,1,설정,설정,1,686.4,307.2,"```json {""x"": 780, ""y"": 512} ```"
d3_L09_gray_N.png,9,0,설정,설정,1,228.8,310.2,"```json {""x"": 260, ""y"": 517} ```"
d3_L09_gray_M.png,9,1,설정,도움말,0,721.6,63.0,"```json {""x"": 820, ""y"": 105} ```"
d3_L10_gray_N.png,10,0,설정,설정,1,198.9,122.4,"```json {""x"": 226, ""y"": 204} ```"
d3_L10_gray_M.png,10,1,설정,설정,1,688.2,116.4,"```json {""x"": 782, ""y"": 194} ```"
d3_L11_gray_N.png,11,0,설정,설정,1,306.2,330.6,"```json {""x"": 348, ""y"": 551} ```"
d3_L11_gray_M.png,11,1,설정,설정,1,572.9,321.0,"```json {""x"": 651, ""y"": 535} ```"
d3_L12_gray_N.png,12,0,설정,설정,1,513.0,400.8,"```json {""x"": 583, ""y"": 668} ```"
d3_L12_gray_M.png,12,1,설정,설정,1,370.5,400.8,"{""x"": 421, ""y"": 668}"
d3_L13_gray_N.png,13,0,설정,저장,0,609.8,149.4,"```json {""x"": 693, ""y"": 249} ```"
d3_L13_gray_M.png,13,1,설정,설정,1,187.4,334.8,"```json {""x"": 213, ""y"": 558} ```"
d3_L14_gray_N.png,14,0,설정,설정,1,249.9,455.4,"```json {""x"": 284, ""y"": 759} ```"
d3_L14_gray_M.png,14,1,설정,설정,1,629.2,457.8,"```json {""x"": 715, ""y"": 763} ```"
d3_L15_gray_N.png,15,0,설정,설정,1,187.4,40.8,"```json {""x"": 213, ""y"": 68} ```"
d3_L15_gray_M.png,15,1,설정,설정,1,691.7,52.8,"{""x"": 786, ""y"": 88}"
d3_L16_gray_N.png,16,0,설정,설정,1,148.7,317.4,"```json {""x"": 169, ""y"": 529} ```"
d3_L16_gray_M.png,16,1,설정,설정,1,727.8,307.2,"```json {""x"": 827, ""y"": 512} ```"
d3_L17_gray_N.png,17,0,설정,도움말,0,609.8,303.0,"{""x"": 693, ""y"": 505}"
d3_L17_gray_M.png,17,1,설정,설정,1,477.0,171.6,"```json {""x"": 542, ""y"": 286} ```"
d3_L18_gray_N.png,18,0,설정,설정,1,618.6,546.0,"```json {""x"": 703, ""y"": 910} ```"
d3_L18_gray_M.png,18,1,설정,설정,1,266.6,550.2,"```json {""x"": 303, ""y"": 917} ```"
d3_L19_gray_N.png,19,0,설정,도움말,0,107.4,477.6,"```json {""x"": 122, ""y"": 796} ```"
d3_L19_gray_M.png,19,1,설정,설정,1,548.2,171.6,"```json {""x"": 623, ""y"": 286} ```"
