file,layout,mirror,cond,scale,sw,sh,pred_x,pred_y,err,box_in,echo,status,raw,ts
d3_L00_gray_N.png,0,0,gray,1.0,880,600,560.6,519.6,2.0,1,0,ok,"```json {""x"": 637, ""y"": 866} ```",2026-10-07T01:21:10
d3_L00_gray_N.png,0,0,gray,0.5,440,300,561.4,519.6,1.5,1,0,ok,"```json {""x"": 638, ""y"": 866} ```",2026-10-07T01:21:16
d3_L00_gray_N.png,0,0,gray,0.25,220,150,560.6,517.8,3.5,1,0,ok,"```json {""x"": 637, ""y"": 863} ```",2026-10-07T01:21:22
d3_L00_gray_N.png,0,0,gray,0.125,110,75,592.2,161.4,360.9,0,0,ok,"{""x"": 673, ""y"": 269}",2026-10-07T01:21:28
d3_L00_gray_M.png,0,1,gray,1.0,880,600,317.7,520.8,0.4,1,0,ok,"{""x"": 361, ""y"": 868}",2026-10-07T01:21:34
d3_L00_gray_M.png,0,1,gray,0.5,440,300,317.7,519.6,1.4,1,0,ok,"```json {""x"": 361, ""y"": 866} ```",2026-10-07T01:21:39
d3_L00_gray_M.png,0,1,gray,0.25,220,150,317.7,520.2,0.9,1,0,ok,"```json {""x"": 361, ""y"": 867} ```",2026-10-07T01:21:45
d3_L00_gray_M.png,0,1,gray,0.125,110,75,315.0,517.8,4.4,1,0,ok,"```json {""x"": 358, ""y"": 863} ```",2026-10-07T01:21:52
d3_L01_gray_N.png,1,0,gray,1.0,880,600,744.5,330.6,0.6,1,0,ok,"```json {""x"": 846, ""y"": 551} ```",2026-10-07T01:21:59
d3_L01_gray_N.png,1,0,gray,0.5,440,300,744.5,330.6,0.6,1,0,ok,"```json {""x"": 846, ""y"": 551} ```",2026-10-07T01:22:04
d3_L01_gray_N.png,1,0,gray,0.25,220,150,743.6,330.0,1.1,1,0,ok,"```json {""x"": 845, ""y"": 550} ```",2026-10-07T01:22:10
d3_L01_gray_N.png,1,0,gray,0.125,110,75,452.3,500.4,337.3,0,0,ok,"```json {""x"": 514, ""y"": 834} ```",2026-10-07T01:22:17
d3_L01_gray_M.png,1,1,gray,1.0,880,600,136.4,331.2,0.4,1,0,ok,"```json {""x"": 155, ""y"": 552} ```",2026-10-07T01:22:23
d3_L01_gray_M.png,1,1,gray,0.5,440,300,136.4,330.0,1.1,1,0,ok,"```json {""x"": 155, ""y"": 550} ```",2026-10-07T01:22:29
d3_L01_gray_M.png,1,1,gray,0.25,220,150,136.4,330.0,1.1,1,0,ok,"```json {""x"": 155, ""y"": 550} ```",2026-10-07T01:22:37
d3_L01_gray_M.png,1,1,gray,0.125,110,75,314.2,178.8,234.3,0,0,ok,"{""x"": 357, ""y"": 298}",2026-10-07T01:22:43
d3_L02_gray_N.png,2,0,gray,1.0,880,600,607.2,414.6,0.6,1,0,ok,"```json {""x"": 690, ""y"": 691} ```",2026-10-07T01:22:48
d3_L02_gray_N.png,2,0,gray,0.5,440,300,607.2,414.0,0.2,1,0,ok,"```json {""x"": 690, ""y"": 690} ```",2026-10-07T01:22:55
d3_L02_gray_N.png,2,0,gray,0.25,220,150,607.2,411.6,2.4,1,0,ok,"```json {""x"": 690, ""y"": 686} ```",2026-10-07T01:23:00
d3_L02_gray_N.png,2,0,gray,0.125,110,75,291.3,63.0,472.1,0,0,ok,"```json {""x"": 331, ""y"": 105} ```",2026-10-07T01:23:06
d3_L02_gray_M.png,2,1,gray,1.0,880,600,272.8,414.0,0.2,1,0,ok,"```json {""x"": 310, ""y"": 690} ```",2026-10-07T01:23:13
d3_L02_gray_M.png,2,1,gray,0.5,440,300,272.8,413.4,0.6,1,0,ok,"```json {""x"": 310, ""y"": 689} ```",2026-10-07T01:23:19
d3_L02_gray_M.png,2,1,gray,0.25,220,150,272.8,411.6,2.4,1,0,ok,"```json {""x"": 310, ""y"": 686} ```",2026-10-07T01:23:25
d3_L02_gray_M.png,2,1,gray,0.125,110,75,587.8,154.2,408.2,0,0,ok,"```json {""x"": 668, ""y"": 257} ```",2026-10-07T01:23:30
d3_L03_gray_N.png,3,0,gray,1.0,880,600,264.9,196.8,0.2,1,0,ok,"```json {""x"": 301, ""y"": 328} ```",2026-10-07T01:23:36
d3_L03_gray_N.png,3,0,gray,0.5,440,300,264.9,196.8,0.2,1,0,ok,"```json {""x"": 301, ""y"": 328} ```",2026-10-07T01:23:43
d3_L03_gray_N.png,3,0,gray,0.25,220,150,264.9,196.8,0.2,1,0,ok,"```json {""x"": 301, ""y"": 328} ```",2026-10-07T01:23:49
d3_L03_gray_N.png,3,0,gray,0.125,110,75,266.6,193.2,4.1,1,0,ok,"```json {""x"": 303, ""y"": 322} ```",2026-10-07T01:23:55
d3_L03_gray_M.png,3,1,gray,1.0,880,600,615.1,196.8,0.2,1,0,ok,"```json {""x"": 699, ""y"": 328} ```",2026-10-07T01:24:00
d3_L03_gray_M.png,3,1,gray,0.5,440,300,615.1,196.8,0.2,1,0,ok,"```json {""x"": 699, ""y"": 328} ```",2026-10-07T01:24:06
d3_L03_gray_M.png,3,1,gray,0.25,220,150,616.0,196.8,1.0,1,0,ok,"```json {""x"": 700, ""y"": 328} ```",2026-10-07T01:24:12
d3_L03_gray_M.png,3,1,gray,0.125,110,75,614.2,193.2,3.9,1,0,ok,"```json {""x"": 698, ""y"": 322} ```",2026-10-07T01:24:18
d3_L04_gray_N.png,4,0,gray,1.0,880,600,564.1,417.0,0.1,1,0,ok,"```json {""x"": 641, ""y"": 695} ```",2026-10-07T01:24:23
d3_L04_gray_N.png,4,0,gray,0.5,440,300,564.1,417.0,0.1,1,0,ok,"```json {""x"": 641, ""y"": 695} ```",2026-10-07T01:24:30
d3_L04_gray_N.png,4,0,gray,0.25,220,150,565.8,411.6,5.7,1,0,ok,"```json {""x"": 643, ""y"": 686} ```",2026-10-07T01:24:35
d3_L04_gray_N.png,4,0,gray,0.125,110,75,698.7,298.8,179.2,0,0,ok,"```json {""x"": 794, ""y"": 498} ```",2026-10-07T01:24:42
d3_L04_gray_M.png,4,1,gray,1.0,880,600,315.9,417.0,0.1,1,0,ok,"```json {""x"": 359, ""y"": 695} ```",2026-10-07T01:24:48
d3_L04_gray_M.png,4,1,gray,0.5,440,300,315.9,417.0,0.1,1,0,ok,"```json {""x"": 359, ""y"": 695} ```",2026-10-07T01:24:54
d3_L04_gray_M.png,4,1,gray,0.25,220,150,315.0,415.2,2.0,1,0,ok,"```json {""x"": 358, ""y"": 692} ```",2026-10-07T01:24:59
d3_L04_gray_M.png,4,1,gray,0.125,110,75,179.5,298.8,180.5,0,0,ok,"```json {""x"": 204, ""y"": 498} ```",2026-10-07T01:25:05
d3_L05_gray_N.png,5,0,gray,1.0,880,600,242.9,305.4,0.4,1,0,ok,"```json {""x"": 276, ""y"": 509} ```",2026-10-07T01:25:11
d3_L05_gray_N.png,5,0,gray,0.5,440,300,243.8,305.4,0.9,1,0,ok,"```json {""x"": 277, ""y"": 509} ```",2026-10-07T01:25:16
d3_L05_gray_N.png,5,0,gray,0.25,220,150,243.8,305.4,0.9,1,0,ok,"```json {""x"": 277, ""y"": 509} ```",2026-10-07T01:25:22
d3_L05_gray_N.png,5,0,gray,0.125,110,75,345.8,171.6,168.4,0,0,ok,"```json {""x"": 393, ""y"": 286} ```",2026-10-07T01:25:27
d3_L05_gray_M.png,5,1,gray,1.0,880,600,637.1,304.8,0.2,1,0,ok,"```json {""x"": 724, ""y"": 508} ```",2026-10-07T01:25:33
d3_L05_gray_M.png,5,1,gray,0.5,440,300,637.1,305.4,0.4,1,0,ok,"```json {""x"": 724, ""y"": 509} ```",2026-10-07T01:25:38
d3_L05_gray_M.png,5,1,gray,0.25,220,150,638.0,306.0,1.4,1,0,ok,"```json {""x"": 725, ""y"": 510} ```",2026-10-07T01:25:44
d3_L05_gray_M.png,5,1,gray,0.125,110,75,533.3,166.2,173.3,0,0,ok,"```json {""x"": 606, ""y"": 277} ```",2026-10-07T01:25:49
d3_L06_gray_N.png,6,0,gray,1.0,880,600,592.2,315.6,0.5,1,0,ok,"```json {""x"": 673, ""y"": 526} ```",2026-10-07T01:25:55
d3_L06_gray_N.png,6,0,gray,0.5,440,300,592.2,316.2,0.3,1,0,ok,"```json {""x"": 673, ""y"": 527} ```",2026-10-07T01:26:00
d3_L06_gray_N.png,6,0,gray,0.25,220,150,592.2,315.6,0.5,1,0,ok,"```json {""x"": 673, ""y"": 526} ```",2026-10-07T01:26:06
d3_L06_gray_N.png,6,0,gray,0.125,110,75,236.7,150.0,392.1,0,0,ok,"```json {""x"": 269, ""y"": 250} ```",2026-10-07T01:26:12
d3_L06_gray_M.png,6,1,gray,1.0,880,600,288.6,315.6,0.8,1,0,ok,"```json {""x"": 328, ""y"": 526} ```",2026-10-07T01:26:18
d3_L06_gray_M.png,6,1,gray,0.5,440,300,288.6,315.6,0.8,1,0,ok,"```json {""x"": 328, ""y"": 526} ```",2026-10-07T01:26:25
d3_L06_gray_M.png,6,1,gray,0.25,220,150,288.6,316.8,1.0,1,0,ok,"```json {""x"": 328, ""y"": 528} ```",2026-10-07T01:26:31
d3_L06_gray_M.png,6,1,gray,0.125,110,75,640.6,149.4,390.0,0,0,ok,"```json {""x"": 728, ""y"": 249} ```",2026-10-07T01:26:37
d3_L07_gray_N.png,7,0,gray,1.0,880,600,582.6,188.4,0.6,1,0,ok,"```json {""x"": 662, ""y"": 314} ```",2026-10-07T01:26:43
d3_L07_gray_N.png,7,0,gray,0.5,440,300,584.3,188.4,1.4,1,0,ok,"{""x"": 664, ""y"": 314}",2026-10-07T01:26:49
d3_L07_gray_N.png,7,0,gray,0.25,220,150,582.6,187.8,0.5,1,0,ok,"```json {""x"": 662, ""y"": 313} ```",2026-10-07T01:26:54
d3_L07_gray_N.png,7,0,gray,0.125,110,75,582.6,184.8,3.2,1,0,ok,"```json {""x"": 662, ""y"": 308} ```",2026-10-07T01:27:00
d3_L07_gray_M.png,7,1,gray,1.0,880,600,296.6,188.4,0.6,1,0,ok,"{""x"": 337, ""y"": 314}",2026-10-07T01:27:06
d3_L07_gray_M.png,7,1,gray,0.5,440,300,296.6,187.2,0.9,1,0,ok,"```json {""x"": 337, ""y"": 312} ```",2026-10-07T01:27:12
d3_L07_gray_M.png,7,1,gray,0.25,220,150,297.4,184.8,3.2,1,0,ok,"```json {""x"": 338, ""y"": 308} ```",2026-10-07T01:27:19
d3_L07_gray_M.png,7,1,gray,0.125,110,75,625.7,51.6,355.9,0,0,ok,"{""x"": 711, ""y"": 86}",2026-10-07T01:27:26
d3_L08_gray_N.png,8,0,gray,1.0,880,600,644.2,471.0,0.2,1,0,ok,"```json {""x"": 732, ""y"": 785} ```",2026-10-07T01:27:31
d3_L08_gray_N.png,8,0,gray,0.5,440,300,644.2,471.0,0.2,1,0,ok,"```json {""x"": 732, ""y"": 785} ```",2026-10-07T01:27:36
d3_L08_gray_N.png,8,0,gray,0.25,220,150,644.2,471.6,0.6,1,0,ok,"```json {""x"": 732, ""y"": 786} ```",2026-10-07T01:27:42
d3_L08_gray_N.png,8,0,gray,0.125,110,75,643.3,468.0,3.1,1,0,ok,"```json {""x"": 731, ""y"": 780} ```",2026-10-07T01:27:47
d3_L08_gray_M.png,8,1,gray,1.0,880,600,235.8,471.6,0.6,1,0,ok,"```json {""x"": 268, ""y"": 786} ```",2026-10-07T01:27:53
d3_L08_gray_M.png,8,1,gray,0.5,440,300,236.7,471.6,0.9,1,0,ok,"```json {""x"": 269, ""y"": 786} ```",2026-10-07T01:27:59
d3_L08_gray_M.png,8,1,gray,0.25,220,150,236.7,475.2,4.3,1,0,ok,"```json {""x"": 269, ""y"": 792} ```",2026-10-07T01:28:08
d3_L08_gray_M.png,8,1,gray,0.125,110,75,234.1,461.4,9.8,1,0,ok,"{""x"": 266, ""y"": 769}",2026-10-07T01:28:14
d3_L09_gray_N.png,9,0,gray,1.0,880,600,520.1,256.8,0.2,1,0,ok,"```json {""x"": 591, ""y"": 428} ```",2026-10-07T01:28:20
d3_L09_gray_N.png,9,0,gray,0.5,440,300,521.8,256.2,2.0,1,0,ok,"```json {""x"": 593, ""y"": 427} ```",2026-10-07T01:28:25
d3_L09_gray_N.png,9,0,gray,0.25,220,150,520.1,256.2,0.8,1,0,ok,"```json {""x"": 591, ""y"": 427} ```",2026-10-07T01:28:31
d3_L09_gray_N.png,9,0,gray,0.125,110,75,160.2,63.0,408.8,0,0,ok,"```json {""x"": 182, ""y"": 105} ```",2026-10-07T01:28:37
d3_L09_gray_M.png,9,1,gray,1.0,880,600,359.9,256.8,0.2,1,0,ok,"```json {""x"": 409, ""y"": 428} ```",2026-10-07T01:28:43
d3_L09_gray_M.png,9,1,gray,0.5,440,300,359.9,257.4,0.4,1,0,ok,"```json {""x"": 409, ""y"": 429} ```",2026-10-07T01:28:49
d3_L09_gray_M.png,9,1,gray,0.25,220,150,359.9,256.2,0.8,1,0,ok,"```json {""x"": 409, ""y"": 427} ```",2026-10-07T01:28:56
d3_L09_gray_M.png,9,1,gray,0.125,110,75,721.6,80.4,402.4,0,0,ok,"```json {""x"": 820, ""y"": 134} ```",2026-10-07T01:29:01
d3_L10_gray_N.png,10,0,gray,1.0,880,600,653.8,334.2,0.3,1,0,ok,"```json {""x"": 743, ""y"": 557} ```",2026-10-07T01:29:08
d3_L10_gray_N.png,10,0,gray,0.5,440,300,654.7,334.2,0.7,1,0,ok,"```json {""x"": 744, ""y"": 557} ```",2026-10-07T01:29:14
d3_L10_gray_N.png,10,0,gray,0.25,220,150,653.8,334.8,0.8,1,0,ok,"{""x"": 743, ""y"": 558}",2026-10-07T01:29:19
d3_L10_gray_N.png,10,0,gray,0.125,110,75,653.8,339.6,5.6,1,0,ok,"```json {""x"": 743, ""y"": 566} ```",2026-10-07T01:29:25
d3_L10_gray_M.png,10,1,gray,1.0,880,600,226.2,334.2,0.3,1,0,ok,"```json {""x"": 257, ""y"": 557} ```",2026-10-07T01:29:32
d3_L10_gray_M.png,10,1,gray,0.5,440,300,226.2,334.2,0.3,1,0,ok,"```json {""x"": 257, ""y"": 557} ```",2026-10-07T01:29:38
d3_L10_gray_M.png,10,1,gray,0.25,220,150,227.0,334.8,1.3,1,0,ok,"```json {""x"": 258, ""y"": 558} ```",2026-10-07T01:29:44
d3_L10_gray_M.png,10,1,gray,0.125,110,75,228.8,330.6,4.4,1,0,ok,"```json {""x"": 260, ""y"": 551} ```",2026-10-07T01:29:52
d3_L11_gray_N.png,11,0,gray,1.0,880,600,200.6,505.8,0.4,1,0,ok,"```json {""x"": 228, ""y"": 843} ```",2026-10-07T01:29:58
d3_L11_gray_N.png,11,0,gray,0.5,440,300,200.6,505.8,0.4,1,0,ok,"```json {""x"": 228, ""y"": 843} ```",2026-10-07T01:30:03
d3_L11_gray_N.png,11,0,gray,0.25,220,150,202.4,503.4,3.0,1,0,ok,"```json {""x"": 230, ""y"": 839} ```",2026-10-07T01:30:09
d3_L11_gray_N.png,11,0,gray,0.125,110,75,205.9,502.2,6.2,1,0,ok,"```json {""x"": 234, ""y"": 837} ```",2026-10-07T01:30:15
d3_L11_gray_M.png,11,1,gray,1.0,880,600,679.4,506.4,0.5,1,0,ok,"```json {""x"": 772, ""y"": 844} ```",2026-10-07T01:30:21
d3_L11_gray_M.png,11,1,gray,0.5,440,300,679.4,505.8,0.4,1,0,ok,"```json {""x"": 772, ""y"": 843} ```",2026-10-07T01:30:27
d3_L11_gray_M.png,11,1,gray,0.25,220,150,679.4,498.0,8.0,1,0,ok,"```json {""x"": 772, ""y"": 830} ```",2026-10-07T01:30:33
d3_L11_gray_M.png,11,1,gray,0.125,110,75,678.5,500.4,5.6,1,0,ok,"```json {""x"": 771, ""y"": 834} ```",2026-10-07T01:30:40
d3_L12_gray_N.png,12,0,gray,1.0,880,600,109.1,491.4,0.4,1,0,ok,"```json {""x"": 124, ""y"": 819} ```",2026-10-07T01:30:46
d3_L12_gray_N.png,12,0,gray,0.5,440,300,109.1,491.4,0.4,1,0,ok,"```json {""x"": 124, ""y"": 819} ```",2026-10-07T01:30:51
d3_L12_gray_N.png,12,0,gray,0.25,220,150,109.1,489.6,1.4,1,0,ok,"{""x"": 124, ""y"": 816}",2026-10-07T01:30:57
d3_L12_gray_N.png,12,0,gray,0.125,110,75,455.0,220.2,439.3,0,0,ok,"```json {""x"": 517, ""y"": 367} ```",2026-10-07T01:31:03
d3_L12_gray_M.png,12,1,gray,1.0,880,600,770.9,490.8,0.2,1,0,ok,"```json {""x"": 876, ""y"": 818} ```",2026-10-07T01:31:09
d3_L12_gray_M.png,12,1,gray,0.5,440,300,770.0,490.8,1.0,1,0,ok,"```json {""x"": 875, ""y"": 818} ```",2026-10-07T01:31:15
d3_L12_gray_M.png,12,1,gray,0.25,220,150,773.5,484.2,7.3,1,0,ok,"```json {""x"": 879, ""y"": 807} ```",2026-10-07T01:31:21
d3_L12_gray_M.png,12,1,gray,0.125,110,75,424.2,228.6,434.9,0,0,ok,"```json {""x"": 482, ""y"": 381} ```",2026-10-07T01:31:27
d3_L13_gray_N.png,13,0,gray,1.0,880,600,106.5,250.8,0.5,1,0,ok,"```json {""x"": 121, ""y"": 418} ```",2026-10-07T01:31:33
d3_L13_gray_N.png,13,0,gray,0.5,440,300,106.5,251.4,0.6,1,0,ok,"```json {""x"": 121, ""y"": 419} ```",2026-10-07T01:31:39
d3_L13_gray_N.png,13,0,gray,0.25,220,150,106.5,250.8,0.5,1,0,ok,"```json {""x"": 121, ""y"": 418} ```",2026-10-07T01:31:44
d3_L13_gray_N.png,13,0,gray,0.125,110,75,286.0,289.2,184.0,0,0,ok,"```json {""x"": 325, ""y"": 482} ```",2026-10-07T01:31:50
d3_L13_gray_M.png,13,1,gray,1.0,880,600,774.4,250.8,0.4,1,0,ok,"```json {""x"": 880, ""y"": 418} ```",2026-10-07T01:31:57
d3_L13_gray_M.png,13,1,gray,0.5,440,300,773.5,251.4,0.6,1,0,ok,"```json {""x"": 879, ""y"": 419} ```",2026-10-07T01:32:03
d3_L13_gray_M.png,13,1,gray,0.25,220,150,774.4,252.0,1.1,1,0,ok,"```json {""x"": 880, ""y"": 420} ```",2026-10-07T01:32:08
d3_L13_gray_M.png,13,1,gray,0.125,110,75,148.7,154.2,632.7,0,0,ok,"```json {""x"": 169, ""y"": 257} ```",2026-10-07T01:32:15
d3_L14_gray_N.png,14,0,gray,1.0,880,600,456.7,154.2,0.7,1,0,ok,"{""x"": 519, ""y"": 257}",2026-10-07T01:32:20
d3_L14_gray_N.png,14,0,gray,0.5,440,300,456.7,153.6,0.8,1,0,ok,"```json {""x"": 519, ""y"": 256} ```",2026-10-07T01:32:26
d3_L14_gray_N.png,14,0,gray,0.25,220,150,456.7,154.2,0.7,1,0,ok,"```json {""x"": 519, ""y"": 257} ```",2026-10-07T01:32:32
d3_L14_gray_N.png,14,0,gray,0.125,110,75,456.7,150.0,4.1,1,0,ok,"```json {""x"": 519, ""y"": 250} ```",2026-10-07T01:32:37
d3_L14_gray_M.png,14,1,gray,1.0,880,600,424.2,154.2,0.3,1,0,ok,"```json {""x"": 482, ""y"": 257} ```",2026-10-07T01:32:42
d3_L14_gray_M.png,14,1,gray,0.5,440,300,424.2,154.2,0.3,1,0,ok,"```json {""x"": 482, ""y"": 257} ```",2026-10-07T01:32:48
d3_L14_gray_M.png,14,1,gray,0.25,220,150,424.2,154.2,0.3,1,0,ok,"```json {""x"": 482, ""y"": 257} ```",2026-10-07T01:32:54
d3_L14_gray_M.png,14,1,gray,0.125,110,75,572.9,250.8,177.6,0,0,ok,"```json {""x"": 651, ""y"": 418} ```",2026-10-07T01:33:00
d3_L15_gray_N.png,15,0,gray,1.0,880,600,258.7,321.6,0.8,1,0,ok,"```json {""x"": 294, ""y"": 536} ```",2026-10-07T01:33:05
d3_L15_gray_N.png,15,0,gray,0.5,440,300,258.7,321.6,0.8,1,0,ok,"```json {""x"": 294, ""y"": 536} ```",2026-10-07T01:33:11
d3_L15_gray_N.png,15,0,gray,0.25,220,150,258.7,321.0,1.2,1,0,ok,"```json {""x"": 294, ""y"": 535} ```",2026-10-07T01:33:17
d3_L15_gray_N.png,15,0,gray,0.125,110,75,253.4,321.0,4.7,1,0,ok,"```json {""x"": 288, ""y"": 535} ```",2026-10-07T01:33:23
d3_L15_gray_M.png,15,1,gray,1.0,880,600,622.2,322.8,0.8,1,0,ok,"```json {""x"": 707, ""y"": 538} ```",2026-10-07T01:33:29
d3_L15_gray_M.png,15,1,gray,0.5,440,300,622.2,321.6,0.4,1,0,ok,"```json {""x"": 707, ""y"": 536} ```",2026-10-07T01:33:35
d3_L15_gray_M.png,15,1,gray,0.25,220,150,623.9,321.6,2.0,1,0,ok,"```json {""x"": 709, ""y"": 536} ```",2026-10-07T01:33:41
d3_L15_gray_M.png,15,1,gray,0.125,110,75,623.9,321.0,2.2,1,0,ok,"```json {""x"": 709, ""y"": 535} ```",2026-10-07T01:33:47
d3_L16_gray_N.png,16,0,gray,1.0,880,600,333.5,59.4,1.5,1,0,ok,"```json {""x"": 379, ""y"": 99} ```",2026-10-07T01:33:54
d3_L16_gray_N.png,16,0,gray,0.5,440,300,333.5,59.4,1.5,1,0,ok,"```json {""x"": 379, ""y"": 99} ```",2026-10-07T01:34:00
d3_L16_gray_N.png,16,0,gray,0.25,220,150,333.5,59.4,1.5,1,0,ok,"```json {""x"": 379, ""y"": 99} ```",2026-10-07T01:34:05
d3_L16_gray_N.png,16,0,gray,0.125,110,75,708.4,95.4,377.3,0,0,ok,"{""x"": 805, ""y"": 159}",2026-10-07T01:34:12
d3_L16_gray_M.png,16,1,gray,1.0,880,600,547.4,58.8,0.9,1,0,ok,"```json {""x"": 622, ""y"": 98} ```",2026-10-07T01:34:19
d3_L16_gray_M.png,16,1,gray,0.5,440,300,547.4,58.8,0.9,1,0,ok,"```json {""x"": 622, ""y"": 98} ```",2026-10-07T01:34:24
d3_L16_gray_M.png,16,1,gray,0.25,220,150,547.4,58.8,0.9,1,0,ok,"```json {""x"": 622, ""y"": 98} ```",2026-10-07T01:34:30
d3_L16_gray_M.png,16,1,gray,0.125,110,75,170.7,101.4,378.8,0,0,ok,"```json {""x"": 194, ""y"": 169} ```",2026-10-07T01:34:36
d3_L17_gray_N.png,17,0,gray,1.0,880,600,532.4,454.2,0.4,1,0,ok,"```json {""x"": 605, ""y"": 757} ```",2026-10-07T01:34:41
d3_L17_gray_N.png,17,0,gray,0.5,440,300,532.4,453.6,0.6,1,0,ok,"```json {""x"": 605, ""y"": 756} ```",2026-10-07T01:34:47
d3_L17_gray_N.png,17,0,gray,0.25,220,150,532.4,453.6,0.6,1,0,ok,"{""x"": 605, ""y"": 756}",2026-10-07T01:34:53
d3_L17_gray_N.png,17,0,gray,0.125,110,75,609.0,303.0,169.5,0,0,ok,"```json {""x"": 692, ""y"": 505} ```",2026-10-07T01:34:59
d3_L17_gray_M.png,17,1,gray,1.0,880,600,348.5,454.2,0.5,1,0,ok,"```json {""x"": 396, ""y"": 757} ```",2026-10-07T01:35:04
d3_L17_gray_M.png,17,1,gray,0.5,440,300,347.6,453.0,1.1,1,0,ok,"```json {""x"": 395, ""y"": 755} ```",2026-10-07T01:35:11
d3_L17_gray_M.png,17,1,gray,0.25,220,150,347.6,454.2,0.4,1,0,ok,"```json {""x"": 395, ""y"": 757} ```",2026-10-07T01:35:16
d3_L17_gray_M.png,17,1,gray,0.125,110,75,347.6,445.8,8.2,1,0,ok,"```json {""x"": 395, ""y"": 743} ```",2026-10-07T01:35:23
d3_L18_gray_N.png,18,0,gray,1.0,880,600,469.9,405.6,0.6,1,0,ok,"```json {""x"": 534, ""y"": 676} ```",2026-10-07T01:35:30
d3_L18_gray_N.png,18,0,gray,0.5,440,300,469.9,405.6,0.6,1,0,ok,"```json {""x"": 534, ""y"": 676} ```",2026-10-07T01:35:37
d3_L18_gray_N.png,18,0,gray,0.25,220,150,471.7,400.8,4.5,1,0,ok,"```json {""x"": 536, ""y"": 668} ```",2026-10-07T01:35:42
d3_L18_gray_N.png,18,0,gray,0.125,110,75,470.8,397.2,7.8,1,0,ok,"```json {""x"": 535, ""y"": 662} ```",2026-10-07T01:35:48
d3_L18_gray_M.png,18,1,gray,1.0,880,600,408.3,403.8,2.1,1,0,ok,"```json {""x"": 464, ""y"": 673} ```",2026-10-07T01:35:54
d3_L18_gray_M.png,18,1,gray,0.5,440,300,411.8,405.0,1.8,1,0,ok,"```json {""x"": 468, ""y"": 675} ```",2026-10-07T01:36:00
d3_L18_gray_M.png,18,1,gray,0.25,220,150,411.8,397.8,7.4,1,0,ok,"```json {""x"": 468, ""y"": 663} ```",2026-10-07T01:36:06
d3_L18_gray_M.png,18,1,gray,0.125,110,75,411.8,400.8,4.6,1,0,ok,"```json {""x"": 468, ""y"": 668} ```",2026-10-07T01:36:12
d3_L19_gray_N.png,19,0,gray,1.0,880,600,707.5,493.8,0.6,1,0,ok,"```json {""x"": 804, ""y"": 823} ```",2026-10-07T01:36:18
d3_L19_gray_N.png,19,0,gray,0.5,440,300,707.5,493.8,0.6,1,0,ok,"```json {""x"": 804, ""y"": 823} ```",2026-10-07T01:36:24
d3_L19_gray_N.png,19,0,gray,0.25,220,150,707.5,493.2,1.0,1,0,ok,"```json {""x"": 804, ""y"": 822} ```",2026-10-07T01:36:30
d3_L19_gray_N.png,19,0,gray,0.125,110,75,110.0,482.4,597.1,0,0,ok,"```json {""x"": 125, ""y"": 804} ```",2026-10-07T01:36:37
d3_L19_gray_M.png,19,1,gray,1.0,880,600,172.5,495.0,1.1,1,0,ok,"{""x"": 196, ""y"": 825}",2026-10-07T01:36:43
d3_L19_gray_M.png,19,1,gray,0.5,440,300,172.5,493.8,0.6,1,0,ok,"```json {""x"": 196, ""y"": 823} ```",2026-10-07T01:36:49
d3_L19_gray_M.png,19,1,gray,0.25,220,150,172.5,496.2,2.3,1,0,ok,"```json {""x"": 196, ""y"": 827} ```",2026-10-07T01:36:55
d3_L19_gray_M.png,19,1,gray,0.125,110,75,171.6,486.6,7.5,1,0,ok,"```json {""x"": 195, ""y"": 811} ```",2026-10-07T01:37:00
